Project: Evolutionary Intensity Measures for More Accurate and Informative Liquefaction Hazard Evaluation,,,,
Exp9: 33 to 55% Relative Density Cyclic Simple Shear Tests under Transient Loadings,,,,
Operator: Wing Shun Kwan,,,,
Date: 2013-03-22,,,,
,,,,
Time [sec],Shear Strain [%],Shear Stress [kPa],Effective Vertical Stress [kPa],Excess Pore Pressure [kPa]
0.001,0.003412933,0,102.6816554,0.3
0.013,0.003412933,0.032956547,102.6754669,0.4
0.026,0.0025597,0.065913094,102.6816554,0.3
0.038,0.0025597,0.133046802,102.6754669,0.4
0.051,0.0025597,0.166003349,102.6816554,0.3
0.064,0.0025597,0.198959896,102.6816554,0.3
0.076,0.0025597,0.166003349,102.6816554,0.3
0.089,0.0025597,0.133046802,102.6816554,0.3
0.102,0.0025597,0.100090254,102.6816554,0.3
0.115,0.0025597,0.065913094,102.6816554,0.3
0.127,0.0025597,0.065913094,102.6816554,0.3
0.14,0.0025597,0.032956547,102.6754669,0.4
0.153,0.001706466,0.032956547,102.6816554,0.3
0.165,0.0025597,0.032956547,102.6816554,0.3
0.178,0.0025597,0,102.6816554,0.3
0.191,0.0025597,0,102.6754669,0.4
0.203,0.0025597,0.032956547,102.6816554,0.3
0.216,0.0025597,0.032956547,102.6754669,0.4
0.229,0.0025597,0.032956547,102.6816554,0.3
0.242,0.0025597,0,102.6754669,0.4
0.254,0.0025597,0,102.6816554,0.3
0.267,0.0025597,0.032956547,102.6754669,0.4
0.28,0.0025597,0,102.6816554,0.3
0.292,0.0025597,0,102.6816554,0.3
0.305,0.0025597,0,102.6816554,0.3
0.318,0.0025597,0,102.6754669,0.4
0.33,0.0025597,0,102.6754669,0.4
0.343,0.0025597,0.032956547,102.6816554,0.3
0.356,0.0025597,0.032956547,102.6754669,0.4
0.369,0.0025597,0.032956547,102.6816554,0.3
0.381,0.0025597,0,102.6754669,0.4
0.394,0.0025597,0,102.6816554,0.3
0.407,0.0025597,0,102.6754669,0.4
0.419,0.0025597,0,102.6816554,0.3
0.432,0.0025597,0.032956547,102.6754669,0.4
0.445,0.0025597,0.032956547,102.6816554,0.3
0.458,0.0025597,0.032956547,102.6754669,0.4
0.47,0.0025597,0.032956547,102.6816554,0.3
0.483,0.0025597,0.032956547,102.6754669,0.4
0.496,0.0025597,0.032956547,102.6816554,0.3
0.508,0.0025597,0.032956547,102.6754669,0.4
0.521,0.0025597,0.032956547,102.6816554,0.3
0.534,0.0025597,0.065913094,102.6816554,0.3
0.546,0.0025597,0.065913094,102.6816554,0.3
0.559,0.0025597,0.065913094,102.6816554,0.3
0.572,0.0025597,0.065913094,102.6754669,0.4
0.585,0.0025597,0.065913094,102.6816554,0.3
0.597,0.001706466,0.065913094,102.6754669,0.4
0.61,0.0025597,0.065913094,102.6816554,0.3
0.623,0.0025597,0.100090254,102.6754669,0.4
0.635,0.0025597,0.100090254,102.6878439,0.2
0.648,0.0025597,0.100090254,102.6754669,0.4
0.661,0.0025597,0.133046802,102.6878439,0.2
0.673,0.0025597,0.133046802,102.6754669,0.4
0.686,0.0025597,0.133046802,102.6816554,0.3
0.699,0.0025597,0.166003349,102.6754669,0.4
0.712,0.0025597,0.166003349,102.6816554,0.3
0.724,0.0025597,0.166003349,102.6754669,0.4
0.737,0.0025597,0.166003349,102.6816554,0.3
0.75,0.0025597,0.166003349,102.6816554,0.3
0.762,0.0025597,0.166003349,102.6816554,0.3
0.775,0.0025597,0.166003349,102.6816554,0.3
0.788,0.003412933,0.166003349,102.6754669,0.4
0.801,0.003412933,0.166003349,102.6816554,0.3
0.813,0.003412933,0.166003349,102.6754669,0.4
0.826,0.0025597,0.133046802,102.6816554,0.3
0.839,0.0025597,0.133046802,102.6754669,0.4
0.851,0.0025597,0.133046802,102.6816554,0.3
0.864,0.0025597,0.133046802,102.6754669,0.4
0.877,0.0025597,0.133046802,102.6816554,0.3
0.889,0.0025597,0.133046802,102.6754669,0.4
0.902,0.0025597,0.133046802,102.6816554,0.3
0.915,0.0025597,0.133046802,102.6754669,0.4
0.928,0.0025597,0.133046802,102.6816554,0.3
0.94,0.0025597,0.133046802,102.6754669,0.4
0.953,0.0025597,0.133046802,102.6816554,0.3
0.966,0.0025597,0.166003349,102.6754669,0.4
0.978,0.0025597,0.166003349,102.6816554,0.3
0.991,0.0025597,0.166003349,102.6816554,0.3
1.004,0.0025597,0.166003349,102.6816554,0.3
1.016,0.0025597,0.198959896,102.6754669,0.4
1.029,0.0025597,0.198959896,102.6816554,0.3
1.042,0.0025597,0.198959896,102.6754669,0.4
1.055,0.0025597,0.231916443,102.6816554,0.3
1.067,0.0025597,0.231916443,102.6754669,0.4
1.08,0.0025597,0.26487299,102.6816554,0.3
1.093,0.0025597,0.26487299,102.6754669,0.4
1.105,0.0025597,0.26487299,102.6816554,0.3
1.118,0.0025597,0.26487299,102.6754669,0.4
1.131,0.0025597,0.299050151,102.6816554,0.3
1.144,0.0025597,0.299050151,102.6992675,0.4
1.156,0.0025597,0.332006698,102.705456,0.3
1.169,0.0025597,0.332006698,102.6992675,0.4
1.182,0.0025597,0.332006698,102.6816554,0.3
1.194,0.0025597,0.332006698,102.6754669,0.4
1.207,0.0025597,0.332006698,102.6816554,0.3
1.22,0.0025597,0.332006698,102.6754669,0.4
1.232,0.0025597,0.299050151,102.6816554,0.3
1.245,0.0025597,0.299050151,102.6754669,0.4
1.258,0.0025597,0.26487299,102.6816554,0.3
1.271,0.0025597,0.231916443,102.6816554,0.3
1.283,0.0025597,0.166003349,102.6816554,0.3
1.296,0.0025597,0.100090254,102.6816554,0.3
1.309,0.0025597,0.032956547,102.6754669,0.4
1.321,0.0025597,-0.032956547,102.6816554,0.3
1.334,0.0025597,-0.133046802,102.6754669,0.4
1.347,0.0025597,-0.231916443,102.6816554,0.3
1.359,0.0025597,-0.364963245,102.7754669,0.3
1.372,0.003412933,-0.463832887,102.7459545,0.2
1.385,0.003412933,-0.596879688,102.739766,0.3
1.398,0.003839549,-0.696969943,102.7459545,0.2
1.41,0.003839549,-0.828796131,102.739766,0.3
1.423,0.003839549,-0.928886386,102.7459545,0.2
1.436,0.004692783,-1.027756028,102.7040651,0.3
1.448,0.004692783,-1.127846282,102.7459545,0.2
1.461,0.005119399,-1.226715924,102.7102536,0.2
1.474,0.005119399,-1.293849631,102.7040651,0.3
1.487,0.005119399,-1.359762725,102.7102536,0.2
1.499,0.005972633,-1.426896432,102.7102536,0.2
1.512,0.005972633,-1.45985298,102.7102536,0.2
1.525,0.005972633,-1.492809527,102.7040651,0.3
1.537,0.005972633,-1.525766074,102.7102536,0.2
1.55,0.005972633,-1.525766074,102.6802646,0.3
1.563,0.006399249,-1.525766074,102.6864531,0.2
1.575,0.006399249,-1.525766074,102.6802646,0.3
1.588,0.006399249,-1.558722621,102.5926416,0.2
1.601,0.006399249,-1.525766074,102.5802646,0.4
1.614,0.006399249,-1.492809527,102.5864531,0.3
1.626,0.006399249,-1.45985298,102.5802646,0.4
1.639,0.006399249,-1.426896432,102.5864531,0.3
1.652,0.006399249,-1.326806178,102.5864531,0.3
1.664,0.006399249,-1.260893084,102.5864531,0.3
1.677,0.006399249,-1.160802829,102.5864531,0.3
1.69,0.006399249,-1.094889735,102.5802646,0.4
1.702,0.006399249,-0.99479948,102.5864531,0.3
1.715,0.006399249,-0.862973292,102.5802646,0.4
1.728,0.006399249,-0.762883037,102.6102536,0.3
1.741,0.006399249,-0.662792783,102.6040651,0.4
1.753,0.006399249,-0.530966594,102.6102536,0.3
1.766,0.006399249,-0.397919792,102.6040651,0.4
1.779,0.005972633,-0.26487299,102.6459545,0.3
1.791,0.005972633,-0.133046802,102.639766,0.4
1.804,0.005972633,0,102.6459545,0.3
1.817,0.005972633,0.133046802,102.639766,0.4
1.83,0.005972633,0.231916443,102.6459545,0.3
1.842,0.005972633,0.364963245,102.539766,0.5
1.855,0.005972633,0.463832887,102.5459545,0.4
1.868,0.005972633,0.596879688,102.5754669,0.5
1.88,0.005972633,0.696969943,102.5816554,0.4
1.893,0.005119399,0.795839584,102.5816554,0.4
1.906,0.005119399,0.928886386,102.5816554,0.4
1.918,0.005119399,1.027756028,102.5816554,0.4
1.931,0.005119399,1.127846282,102.5816554,0.4
1.944,0.004692783,1.226715924,102.4754669,0.6
1.957,0.004692783,1.326806178,102.4816554,0.5
1.969,0.004692783,1.392719272,102.4754669,0.6
1.982,0.004692783,1.492809527,102.505456,0.5
1.995,0.003839549,1.591679168,102.4992675,0.6
2.007,0.003839549,1.691769423,102.505456,0.5
2.02,0.003839549,1.757682517,102.4349683,0.7
2.033,0.003412933,1.857772772,102.4411568,0.6
2.045,0.003412933,1.956642413,102.4349683,0.7
2.058,0.003412933,2.023776121,102.4411568,0.6
2.071,0.003412933,2.089689215,102.4349683,0.7
2.084,0.003412933,2.155602309,102.4411568,0.6
2.096,0.0025597,2.18977947,102.4349683,0.7
2.109,0.0025597,2.222736017,102.4411568,0.6
2.122,0.001706466,2.255692564,102.4349683,0.7
2.134,0.001706466,2.288649111,102.4411568,0.6
2.147,0.001706466,2.288649111,102.3349683,0.8
2.16,0.001706466,2.255692564,102.4411568,0.6
2.173,0.001706466,2.222736017,102.4411568,0.6
2.185,0.0025597,2.18977947,102.4411568,0.6
2.198,0.0025597,2.155602309,102.4411568,0.6
2.211,0.0025597,2.122645762,102.4349683,0.7
2.223,0.001706466,2.089689215,102.4411568,0.6
2.236,0.00127985,2.023776121,102.3992675,0.7
2.249,0.001706466,1.956642413,102.405456,0.6
2.261,0.001706466,1.923685866,102.3992675,0.7
2.274,0.001706466,1.857772772,102.405456,0.6
2.287,0.0025597,1.790639065,102.3992675,0.7
2.3,0.0025597,1.72472597,102.3816554,0.6
2.312,0.0025597,1.658812876,102.3754669,0.7
2.325,0.001706466,1.625856329,102.3816554,0.6
2.338,0.001706466,1.558722621,102.3754669,0.7
2.35,0.001706466,1.525766074,102.4816554,0.5
2.363,0.0025597,1.45985298,102.4754669,0.6
2.376,0.0025597,1.392719272,102.4816554,0.5
2.388,0.001706466,1.359762725,102.4459545,0.5
2.401,0.001706466,1.293849631,102.4459545,0.5
2.414,0.001706466,1.193759376,102.4459545,0.5
2.427,0.0025597,1.127846282,102.439766,0.6
2.439,0.0025597,1.061933188,102.4459545,0.5
2.452,0.0025597,0.99479948,102.439766,0.6
2.465,0.0025597,0.961842933,102.4459545,0.5
2.477,0.0025597,0.895929839,102.439766,0.6
2.49,0.0025597,0.828796131,102.4102536,0.5
2.503,0.0025597,0.795839584,102.4040651,0.6
2.516,0.0025597,0.762883037,102.4102536,0.5
2.528,0.0025597,0.762883037,102.4040651,0.6
2.541,0.0025597,0.795839584,102.4102536,0.5
2.554,0.0025597,0.828796131,102.4040651,0.6
2.566,0.0025597,0.862973292,102.439766,0.6
2.579,0.003412933,0.895929839,102.4459545,0.5
2.592,0.003412933,0.961842933,102.439766,0.6
2.604,0.0025597,1.027756028,102.4459545,0.5
2.617,0.0025597,1.127846282,102.439766,0.6
2.63,0.0025597,1.226715924,102.4459545,0.5
2.643,0.0025597,1.293849631,102.439766,0.6
2.655,0.0025597,1.392719272,102.4816554,0.5
2.668,0.0025597,1.426896432,102.3754669,0.7
2.681,0.0025597,1.45985298,102.3816554,0.6
2.693,0.0025597,1.492809527,102.3754669,0.7
2.706,0.0025597,1.492809527,102.3816554,0.6
2.719,0.0025597,1.45985298,102.3754669,0.7
2.731,0.0025597,1.392719272,102.4816554,0.5
2.744,0.0025597,1.260893084,102.4754669,0.6
2.757,0.0025597,1.127846282,102.4459545,0.5
2.77,0.003412933,0.928886386,102.439766,0.6
2.782,0.003412933,0.662792783,102.4102536,0.5
2.795,0.003412933,0.364963245,102.5040651,0.5
2.808,0.003412933,0.032956547,102.4864531,0.4
2.82,0.003839549,-0.397919792,102.4864531,0.4
2.833,0.004692783,-0.928886386,102.4507522,0.4
2.846,0.005972633,-1.492809527,102.4088628,0.5
2.859,0.007252482,-2.122645762,102.5150513,0.3
2.871,0.008532332,-2.71952545,102.5088628,0.4
2.884,0.009812182,-3.316405139,102.4150513,0.4
2.897,0.010238799,-3.88032828,102.4088628,0.5
2.909,0.011518648,-4.511385128,102.2793504,0.5
2.922,0.013651732,-5.17417791,102.0731619,0.8
2.935,0.014931581,-5.871147853,101.8555499,0.9
2.947,0.017491281,-6.63403089,101.5493614,1.3
2.96,0.020904214,-7.429870474,101.1555499,1.6
2.973,0.024317147,-8.192753511,100.7731619,2.1
2.986,0.028156696,-8.856766907,100.385539,2.3
2.998,0.031143013,-9.353556341,99.97316194,2.9
3.011,0.034555945,-9.685563038,99.58553895,3.1
3.024,0.037115645,-9.851566387,99.30886281,3.6
3.036,0.039248728,-9.917479482,99.11505132,3.7
3.049,0.039675345,-9.884522934,98.90886281,4
3.062,0.040955195,-9.718519585,98.81505132,4
3.074,0.041808428,-9.420690048,98.81505132,4
3.087,0.041808428,-8.988593096,98.71505132,4.1
3.1,0.041808428,-8.457626502,98.67935044,4.1
3.113,0.041808428,-7.894923974,98.67935044,4.1
3.125,0.041808428,-7.197954031,98.57935044,4.2
3.138,0.041808428,-6.435070994,98.57316194,4.3
3.151,0.041808428,-5.572097703,98.47935044,4.3
3.163,0.040955195,-4.643211317,98.40886281,4.5
3.176,0.040528578,-3.615455289,98.21505132,4.6
3.189,0.039248728,-2.520565554,97.80886281,5.1
3.201,0.036689028,-1.226715924,97.42123983,5.3
3.214,0.031996246,0.397919792,97.08026456,5.9
3.227,0.025596997,2.354562206,96.91164448,6
3.24,0.018771131,4.444251421,96.60157242,6.7
3.252,0.011518648,6.402114447,96.43386646,7
3.265,0.003412933,8.159796964,96.15378348,7.6
3.278,-0.005972633,9.552516237,95.71467577,8.1
3.29,-0.014931581,10.48140262,95.17988901,8.8
3.303,-0.022184064,11.01236922,94.83939047,9.2
3.316,-0.02773008,11.37733246,94.58127985,9.4
3.329,-0.031996246,11.64220545,94.31079221,9.8
3.341,-0.036689028,11.97421215,94.1407813,9.9
3.354,-0.041381811,12.33917539,93.87029367,10.3
3.367,-0.047354444,12.80300828,93.64788392,10.5
3.379,-0.05418031,13.26806178,93.30119687,11
3.392,-0.061432792,13.63302503,92.86688683,11.4
3.405,-0.068258658,13.86494147,92.5963992,11.8
3.417,-0.073378057,13.96381111,92.33828858,12
3.43,-0.077217606,13.96381111,92.13210007,12.3
3.443,-0.07935069,13.86494147,91.96688683,12.3
3.456,-0.079777306,13.60006848,91.93689774,12.4
3.468,-0.080630539,13.20092807,91.965496,12.3
3.481,-0.080630539,12.73709519,91.97029367,12.2
3.494,-0.079777306,12.10725895,92.03939047,12
3.506,-0.078497456,11.41028901,92.01467577,11.8
3.519,-0.077217606,10.61444942,91.91808261,11.8
3.532,-0.07551114,9.751476133,91.79816558,11.6
3.545,-0.072524824,8.7896332,91.63017067,11.6
3.557,-0.069965124,7.761877172,91.44595452,11.5
3.57,-0.066978808,6.63403089,91.30886281,11.6
3.583,-0.062712642,5.340181259,91.05554986,11.7
3.595,-0.058873092,3.847371732,90.64936136,12.2
3.608,-0.053753693,2.056732668,90.05554986,12.7
3.621,-0.047354444,-0.065913094,89.17316194,13.7
3.633,-0.039248728,-2.421695913,88.41505132,14.4
3.646,-0.030289779,-4.809214666,87.90406514,15.1
3.659,-0.019624364,-6.998994135,87.50545598,15.5
3.672,-0.007252482,-9.055726803,86.93017067,16.3
3.684,0.007252482,-10.81340932,86.49677475,16.9
3.697,0.023463914,-12.17317205,85.92767795,17.6
3.71,0.039248728,-13.23510523,85.36476966,18.2
3.722,0.056313393,-14.12981446,84.75378348,19
3.735,0.075084523,-14.92687466,84.15517432,19.6
3.748,0.095562121,-15.62262399,83.44418814,20.5
3.76,0.117746184,-16.25246022,82.81698072,21.2
3.773,0.142489948,-16.81638336,82.165496,22.1
3.786,0.162967545,-15.95463068,81.15037664,22.7
3.799,0.173206344,-15.12583455,80.48238173,23.2
3.811,0.177899127,-15.1587911,80.03386646,23.4
3.824,0.187284692,-16.45264073,80.18468668,23.7
3.837,0.20136304,-17.31439341,79.95037664,23.9
3.849,0.219707554,-17.87831655,79.71558988,24.3
3.862,0.239331918,-18.1773667,79.21467577,24.6
3.875,0.257249816,-18.27623634,78.88468668,25
3.887,0.267488615,-17.94422964,78.65997199,25
3.9,0.272181397,-17.24848031,78.55858115,25.1
3.913,0.272181397,-16.18654713,78.40296325,24.9
3.926,0.269621698,-14.92687466,78.30637009,24.9
3.938,0.266208765,-13.56589132,78.15214303,24.7
3.951,0.263222449,-12.20612859,77.88026456,25.1
3.964,0.258529666,-10.74749623,77.48645306,25.4
3.976,0.253410267,-9.187552992,77.08026456,25.9
3.989,0.246157784,-7.36395738,76.58645306,26.3
4.002,0.237625452,-5.274268165,75.98645306,26.9
4.015,0.22653342,-3.117445243,75.48645306,27.4
4.027,0.214588155,-1.127846282,74.91025365,28
4.04,0.20264289,0.629836235,74.33976601,28.7
4.053,0.192404091,1.989598961,73.78165539,29.2
4.065,0.181738676,3.250492044,73.27546689,29.8
4.078,0.165527245,4.809214666,72.74115685,30.3
4.091,0.139503632,6.800034239,72.10157242,31.2
4.103,0.105374303,8.7896332,71.36865322,31.9
4.116,0.065272341,10.54731572,70.52288028,33.1
4.129,0.024743763,11.9412556,69.76616049,33.8
4.142,-0.011945265,12.96901163,69.14898581,34.7
4.154,-0.043088278,13.69893812,68.6970637,35
4.167,-0.069965124,14.19694817,68.30848726,35.6
4.18,-0.091722571,14.59486796,68.01467577,35.8
4.192,-0.110493702,14.8926975,67.80848726,36.1
4.205,-0.1284116,15.1587911,67.61467577,36.2
4.218,-0.144196414,15.39070754,67.41467577,36.4
4.23,-0.158274762,15.52375434,67.21467577,36.6
4.243,-0.171073261,15.62262399,67.11467577,36.7
4.256,-0.179178976,15.58966744,66.99087519,36.8
4.269,-0.185151609,15.45662064,67.01947344,36.7
4.281,-0.187711309,15.19174765,67.05378348,36.7
4.294,-0.188564542,14.76087131,67.02906878,36.5
4.307,-0.188564542,14.12981446,67.12767795,36.4
4.319,-0.186431459,13.33397487,67.16726238,36.1
4.332,-0.183871759,12.40508849,67.17066922,36
4.345,-0.17875236,11.31019875,67.11025365,35.8
4.358,-0.17363296,10.14939592,66.94456368,36
4.37,-0.168086944,8.955636548,66.65075219,36.2
4.383,-0.161687695,7.62883037,66.14456368,36.8
4.396,-0.154435213,6.236111098,65.65075219,37.2
4.408,-0.145902881,4.677388477,65.05075219,37.8
4.421,-0.136090699,2.985619054,64.24456368,38.7
4.434,-0.12457205,1.293849631,63.45075219,39.4
4.446,-0.113480018,-0.198959896,62.58026456,40.4
4.459,-0.102814603,-1.359762725,61.81025365,41.1
4.472,-0.090869338,-2.421695913,61.33976601,41.7
4.485,-0.07679099,-3.648411836,60.84595452,42.1
4.497,-0.058446476,-5.008174562,60.33976601,42.7
4.51,-0.036262412,-6.435070994,59.88165539,43.1
4.523,-0.010665415,-7.860746814,59.49926747,43.6
4.535,0.017064664,-9.154596445,59.17685772,43.9
4.548,0.045221361,-10.28244273,58.97206005,44.2
4.561,0.073378057,-11.27724221,58.76726238,44.5
4.573,0.10068152,-12.1402155,58.5562762,44.9
4.586,0.130118066,-12.93605508,58.3871794,45.2
4.599,0.159554612,-13.60006848,58.25858115,45.4
4.612,0.186431459,-14.09685791,58.15997199,45.5
4.624,0.208615522,-14.46182116,58.01947344,45.7
4.637,0.22653342,-14.6937376,57.99087519,45.8
4.65,0.240185152,-14.8267844,57.91467577,45.9
4.662,0.249997334,-14.8267844,57.79087519,46
4.675,0.255969966,-14.72669415,57.74898581,46.1
4.688,0.258956282,-14.4947777,57.69567286,46
4.701,0.260236132,-14.09685791,57.71808261,46
4.713,0.261089366,-13.49997822,57.69336791,45.8
4.726,0.260236132,-12.73709519,57.6562762,45.8
4.739,0.259809516,-11.87412189,57.57206005,45.6
4.751,0.258956282,-10.94645612,57.43496834,45.7
4.764,0.257249816,-9.884522934,57.24595452,45.7
4.777,0.253836883,-8.690763558,57.00406514,46
4.789,0.2491441,-7.36395738,56.61025365,46.3
4.802,0.243598084,-5.871147853,56.00406514,47
4.815,0.235065752,-4.17937843,55.21025365,47.7
4.828,0.223120487,-2.421695913,54.40406514,48.6
4.84,0.208188906,-0.72992649,53.65214303,49.2
4.853,0.192404091,0.72992649,53.07546689,50
4.866,0.177899127,1.923685866,52.71164448,50.2
4.878,0.162114312,3.051532148,52.43496834,50.7
4.891,0.137370549,4.544341675,52.13635918,51
4.904,0.100254903,6.367937287,51.89677475,51.5
4.916,0.05418031,8.159796964,51.65766704,51.8
4.929,0.001706466,9.78443268,51.45997199,52.2
4.942,-0.052473843,11.14541602,51.31467577,52.5
4.955,-0.10196137,12.20612859,51.08127985,52.9
4.967,-0.144196414,12.93605508,51.07029367,53.1
4.98,-0.17619266,13.39988797,50.91218305,53.2
4.993,-0.199656574,13.66598157,50.94169542,53.3
5.005,-0.215441388,13.73189467,50.95407243,53.1
5.018,-0.22525357,13.63302503,50.90599454,53.3
5.031,-0.229946353,13.43406513,50.94696981,53
5.044,-0.231652819,13.06910188,50.91079221,53.2
5.056,-0.231652819,12.57109184,51.0279669,52.8
5.069,-0.231652819,11.90829906,51.00848726,52.9
5.082,-0.22909312,11.07828231,50.92427111,52.7
5.094,-0.22525357,10.14939592,50.79197708,52.7
5.107,-0.220134171,9.055726803,50.67206005,52.5
5.12,-0.214161538,7.894923974,50.37546689,52.7
5.132,-0.206909056,6.666987437,49.98645306,52.9
5.145,-0.199229957,5.340181259,49.58645306,53.3
5.158,-0.189844392,4.013375081,49.08645306,53.8
5.171,-0.177899127,2.587699262,48.38645306,54.5
5.183,-0.165100628,1.193759376,47.54456368,55.4
5.196,-0.150595663,-0.133046802,46.68645306,56.2
5.209,-0.136943932,-1.127846282,46.00406514,57
5.221,-0.122438967,-2.089689215,45.54595452,57.4
5.234,-0.104094453,-3.117445243,45.13976601,57.9
5.247,-0.080630539,-4.312425232,44.74595452,58.2
5.259,-0.05162061,-5.539141155,44.37546689,58.7
5.272,-0.019197747,-6.800034239,44.20545598,58.8
5.285,0.018771131,-7.993793615,44.03496834,59.1
5.298,0.057593242,-9.121639897,44.00637009,59.2
5.31,0.098548437,-10.18357308,44.00157242,59.3
5.323,0.142489948,-11.17837257,44.13247562,59.3
5.336,0.189844392,-12.1402155,44.2871794,59.3
5.348,0.239331918,-13.06910188,44.45378348,59.3
5.361,0.291379145,-13.93085456,44.69087519,59.1
5.374,0.344279605,-14.66078105,44.84557897,59.1
5.387,0.397180064,-15.25766074,44.97648218,59.1
5.399,0.444107891,-15.68975769,45.065496,59.2
5.412,0.485063086,-16.05350033,45.16688683,59.1
5.425,0.516206098,-16.25246022,45.1963992,59.2
5.437,0.539243395,-16.31959393,45.20258771,59.1
5.45,0.55374836,-16.15359058,45.26069833,59.1
5.463,0.561427459,-15.82158388,45.20738538,59
5.475,0.564840392,-15.29061729,45.11218305,59
5.488,0.565267009,-14.56191141,45.11698072,58.9
5.501,0.565267009,-13.63302503,45.01467577,58.8
5.514,0.563987159,-12.57109184,44.88238173,58.8
5.526,0.562707309,-11.44324556,44.60296325,58.7
5.539,0.55886776,-10.21652963,44.17066922,59
5.552,0.554174977,-8.922680001,43.64595452,59.3
5.564,0.548202344,-7.462827022,43.01025365,59.9
5.577,0.539243395,-5.871147853,42.01025365,60.9
5.59,0.524738431,-4.146421883,40.81025365,62.1
5.602,0.50468745,-2.45465246,39.51025365,63.4
5.615,0.47951707,-0.895929839,38.31025365,64.6
5.628,0.451360374,0.463832887,37.13976601,65.9
5.641,0.421497211,1.591679168,36.24595452,66.7
5.653,0.389927582,2.520565554,35.67546689,67.4
5.666,0.347265921,3.549542195,35.08165539,67.9
5.679,0.285833129,4.809214666,34.49926747,68.6
5.691,0.200936423,6.302024192,33.97685772,69.1
5.704,0.098548437,7.728920625,33.76587154,69.5
5.717,-0.013651732,9.08868335,33.76726238,69.5
5.73,-0.131824533,10.41548953,33.89197708,69.6
5.742,-0.250850567,11.64220545,34.17095817,69.3
5.755,-0.368596751,12.73709519,34.64898581,69.2
5.768,-0.480370303,13.63302503,35.02177839,68.9
5.78,-0.579771973,14.29581781,35.2345928,68.9
5.793,-0.665521912,14.8267844,35.6716845,68.5
5.806,-0.736340269,15.25766074,35.9963992,68.4
5.818,-0.791800429,15.48957718,36.27398945,68.1
5.831,-0.83190239,15.55671089,36.47398945,67.9
5.844,-0.857926003,15.48957718,36.67398945,67.7
5.857,-0.872004351,15.22470419,36.70258771,67.6
5.869,-0.877550367,14.76087131,36.76688683,67.5
5.882,-0.878830217,14.09685791,36.7716845,67.4
5.895,-0.877550367,13.20092807,36.81079221,67.3
5.907,-0.874564051,12.10725895,36.71467577,67.1
5.92,-0.867738185,10.84636587,36.42288028,67.2
5.933,-0.859205853,9.486603142,35.90776092,67.3
5.945,-0.848967055,8.026750163,35.27546689,67.8
5.958,-0.83574194,6.500984088,34.29264157,68.5
5.971,-0.817397425,4.90930492,33.04456368,69.9
5.984,-0.791800429,3.217535497,31.3569407,71.4
5.996,-0.756817867,1.625856329,29.24456368,73.7
6.009,-0.714582822,0.166003349,26.95075219,75.9
6.022,-0.668081612,-0.961842933,24.94456368,78
6.034,-0.615181152,-1.923685866,23.38645306,79.5
6.047,-0.547775728,-2.819615705,22.10406514,80.9
6.06,-0.458186239,-3.748502091,21.00406514,82
6.073,-0.349399004,-4.643211317,20.24595452,82.7
6.085,-0.220560788,-5.572097703,19.97546689,83.1
6.098,-0.07423129,-6.500984088,20.10545598,82.9
6.111,0.082337006,-7.462827022,20.67066922,82.5
6.123,0.241465001,-8.457626502,21.43635918,81.7
6.136,0.398033297,-9.585472784,22.36107387,81
6.149,0.55374836,-10.81340932,23.49336791,80
6.161,0.70733034,-12.0743024,24.54898581,79.3
6.174,0.855366304,-13.23510523,25.6407813,78.4
6.187,0.988044069,-14.12981446,26.63210007,77.8
6.2,1.100670855,-14.72669415,27.50009498,77.1
6.212,1.189833726,-15.09165739,28.22001201,76.7
6.225,1.255106068,-15.25766074,28.65091521,76.4
6.238,1.299047578,-15.29061729,28.91660517,76.1
6.25,1.325071192,-15.1587911,29.05230605,76
6.263,1.338296307,-14.76087131,29.0809043,75.9
6.276,1.342989089,-14.09685791,28.98570197,75.9
6.288,1.344268939,-13.16797153,28.95479877,75.8
6.301,1.343415706,-12.0071687,28.72869324,75.8
6.314,1.341709239,-10.71331907,28.36688683,75.9
6.327,1.337016457,-9.386512888,27.78127985,76.2
6.339,1.330617208,-7.993793615,26.95997199,76.7
6.352,1.320805026,-6.533940636,25.83866413,77.5
6.365,1.305446828,-5.008174562,24.27685772,78.8
6.377,1.279423214,-3.383538846,22.21025365,80.7
6.39,1.240174486,-1.890729319,19.91025365,83
6.403,1.187700643,-0.629836235,17.71025365,85.2
6.416,1.124134768,0.364963245,15.61025365,87.3
6.428,1.043930845,1.193759376,13.71025365,89.2
6.441,0.943675942,1.824816225,12.00406514,91
6.454,0.822516825,2.321605658,10.71025365,92.2
6.466,0.671494545,2.752481998,9.74595452,93.2
6.479,0.477810604,3.217535497,9.14595452,93.8
6.492,0.240611768,3.781458638,9.181655393,93.8
6.504,-0.014931581,4.478428581,9.741156849,93.3
6.517,-0.282846813,5.373137807,10.90776092,92.3
6.53,-0.555881443,6.568117796,12.23386646,91.2
6.543,-0.83062254,8.05970671,13.71947344,90
6.555,-1.102377321,9.78443268,15.34169542,88.9
6.568,-1.366026386,11.4762021,17.12389557,87.5
6.581,-1.61346402,12.87014199,18.805619,86.4
6.593,-1.828052175,13.93085456,20.46401856,85.1
6.606,-2.000831902,14.72669415,21.85533734,84.1
6.619,-2.133083052,15.29061729,23.0519305,83
6.631,-2.229925022,15.58966744,23.80524345,82.4
6.644,-2.296477213,15.68975769,24.41143196,81.7
6.657,-2.335725941,15.58966744,24.74574199,81.4
6.67,-2.355350306,15.1587911,24.85672817,81.1
6.682,-2.362176171,14.4947777,24.95533734,81
6.695,-2.362602788,13.53293477,25.03681115,80.6
6.708,-2.359616472,12.33917539,24.92212918,80.7
6.72,-2.353643839,11.01236922,24.67841158,80.6
6.733,-2.343831657,9.585472784,24.12140284,80.8
6.746,-2.331459775,8.09388387,23.32869324,81.2
6.759,-2.314821728,6.500984088,22.1407813,81.9
6.771,-2.290077964,4.842171213,20.2871794,83.3
6.784,-2.254242169,3.217535497,17.77685772,85.3
6.797,-2.204754642,1.824816225,14.78026456,88.2
6.809,-2.1446017,0.72992649,11.75075219,91.1
6.822,-2.072076876,-0.032956547,8.944563684,94
6.835,-1.981634155,-0.596879688,6.450752191,96.4
6.847,-1.866021054,-1.027756028,4.208862811,98.7
6.86,-1.713292307,-1.260893084,2.656940698,100.1
6.873,-1.520461599,-1.45985298,1.544563684,101.4
6.886,-1.289235396,-1.625856329,1.086453065,101.8
6.898,-1.022173398,-1.857772772,0.980264557,102
6.911,-0.723115154,-2.122645762,1.086453065,101.8
6.924,-0.399739764,-2.520565554,1.60406514,101.4
6.936,-0.063565875,-3.084488695,2.24595452,100.7
6.949,0.283273429,-3.814415185,3.175466886,99.9
6.962,0.636938599,-4.710345024,4.441156849,98.6
6.974,0.986337603,-5.838191306,5.836359178,97.3
6.987,1.319525176,-7.164997484,7.538664127,95.8
7,1.621569736,-8.590673304,9.224271113,94.4
7.013,1.886072034,-9.884522934,11.01698072,93
7.025,2.106632822,-10.91227896,12.53349091,91.9
7.038,2.280692399,-11.675162,13.88431114,91
7.051,2.410383848,-12.1402155,14.87610663,90.2
7.063,2.499973336,-12.40508849,15.47841158,89.8
7.076,2.556286729,-12.43804504,15.83791303,89.5
7.089,2.585723275,-12.17317205,15.93791303,89.4
7.102,2.59766854,-11.4762021,15.8427107,89.4
7.114,2.599375007,-10.38253298,15.57610663,89.5
7.127,2.596815307,-8.922680001,15.1500011,89.7
7.14,2.589562825,-7.296823673,14.26439411,90.3
7.152,2.57505786,-5.63923141,12.9716845,91.2
7.165,2.54860763,-3.88032828,11.09567286,92.6
7.178,2.497840253,-2.18977947,8.407760925,94.8
7.19,2.416356481,-0.828796131,5.386453065,97.5
7.203,2.299890146,0.100090254,2.950752191,99.9
7.216,2.143748467,0.629836235,1.050752191,101.8
7.229,1.94451851,0.862973292,0.050752191,102.8
7.241,1.699640576,0.99479948,-0.413546935,103.3
7.254,1.406981581,1.127846282,-0.713546935,103.6
7.267,1.067394759,1.326806178,-0.689746353,103.6
7.279,0.681306727,1.525766074,-0.789746353,103.7
7.292,0.247437634,1.691769423,-0.689746353,103.6
7.305,-0.229946353,1.824816225,-0.489746353,103.4
7.317,-0.738473352,2.122645762,-0.089746353,103
7.33,-1.280276448,2.71952545,0.64595452,102.3
7.343,-1.846396689,3.781458638,1.806370088,101.4
7.356,-2.42275573,5.373137807,3.540054963,99.8
7.368,-2.985889656,7.462827022,5.681279847,98.3
7.381,-3.531105684,9.619649944,8.319097896,96.4
7.394,-4.044752082,11.57629236,11.30451711,94.2
7.406,-4.504644788,13.33397487,14.41143196,91.7
7.419,-4.892012671,14.85974095,17.13753749,89.2
7.432,-5.207708962,16.15359058,19.37323836,87
7.445,-5.44960058,17.04952042,21.16704985,85.3
7.457,-5.629206173,17.64640011,22.33753749,84
7.47,-5.749085441,17.9112731,23.1137369,83.2
7.483,-5.821610264,17.81240346,23.34233516,82.9
7.495,-5.857019443,17.41448366,23.34713283,82.8
7.508,-5.871097791,16.65160063,23.1519305,82.9
7.521,-5.873230874,15.52375434,22.98532642,82.9
7.533,-5.869391325,14.06390136,22.68873326,83.1
7.546,-5.860858993,12.37213194,22.30931478,83.1
7.559,-5.846354028,10.44844608,21.41041667,83.7
7.572,-5.827582897,8.391713407,19.93967942,84.4
7.584,-5.799852817,6.367937287,17.74898581,86.1
7.597,-5.765296872,4.544341675,15.01394943,88.1
7.61,-5.719222278,3.051532148,12.03976601,91
7.622,-5.668454901,1.923685866,9.086453065,93.8
7.635,-5.602755943,0.99479948,6.344563684,96.6
7.648,-5.524258487,0.299050151,3.815051318,99
7.66,-5.422297117,-0.231916443,1.579350445,101.2
7.673,-5.288339501,-0.530966594,-0.126838063,103
7.686,-5.115986391,-0.696969943,-1.220649555,104
7.699,-4.903957936,-0.762883037,-1.791137189,104.7
7.711,-4.651400902,-0.795839584,-1.984948682,104.8
7.724,-4.359595141,-0.828796131,-2.155436316,105.1
7.737,-4.032380201,-0.862973292,-2.149247809,105
7.749,-3.669756082,-0.895929839,-2.255436316,105.2
7.762,-3.28110835,-0.961842933,-2.249247809,105.1
7.775,-2.868143471,-1.061933188,-2.255436316,105.2
7.788,-2.439820394,-1.160802829,-2.249247809,105.1
7.8,-1.999552053,-1.226715924,-2.155436316,105.1
7.813,-1.553737695,-1.326806178,-2.049247809,104.9
7.826,-1.10877657,-1.359762725,-2.055436316,105
7.838,-0.672774394,-1.326806178,-1.913546935,104.8
7.851,-0.249570717,-1.392719272,-1.619735443,104.6
7.864,0.156994913,-1.492809527,-1.613546935,104.5
7.876,0.541376478,-1.658812876,-1.319735443,104.3
7.889,0.891202099,-1.857772772,-1.113546935,104
7.902,1.198792675,-2.056732668,-0.913546935,103.8
7.915,1.460735274,-2.288649111,-0.589746353,103.5
7.927,1.674896812,-2.487609007,-0.289746353,103.2
7.94,1.839144207,-2.620655809,-0.089746353,103
7.953,1.954757308,-2.653612356,0.210253647,102.7
7.965,2.025575666,-2.620655809,0.310253647,102.6
7.978,2.058851761,-2.421695913,0.539766013,102.5
7.991,2.067384094,-1.956642413,0.510253647,102.4
8.003,2.058425145,-1.326806178,0.286453065,102.6
8.016,2.020456266,-0.72992649,-0.349247809,103.2
8.029,1.941532194,-0.26487299,-0.849247809,103.7
8.042,1.81482706,0.133046802,-1.149247809,104
8.054,1.627115752,0.430876339,-1.219735443,104.2
8.067,1.383944284,0.696969943,-1.319735443,104.3
8.08,1.100244238,0.862973292,-1.319735443,104.3
8.092,0.78540118,0.99479948,-1.313546935,104.2
8.105,0.436002176,1.094889735,-1.213546935,104.1
8.118,0.055033543,1.160802829,-1.213546935,104.1
8.131,-0.355371636,1.226715924,-1.249247809,104.1
8.143,-0.793080279,1.260893084,-1.049247809,103.9
8.156,-1.253826218,1.326806178,-1.149247809,104
8.169,-1.736329604,1.45985298,-1.155436316,104.1
8.181,-2.232484722,1.658812876,-1.149247809,104
8.194,-2.735892322,1.824816225,-1.155436316,104.1
8.207,-3.237593456,2.023776121,-1.049247809,103.9
8.219,-3.73161549,2.155602309,-1.055436316,104
8.232,-4.21241241,2.255692564,-0.949247809,103.8
8.245,-4.673158349,2.354562206,-0.755436316,103.7
8.258,-5.103614509,2.45465246,-0.549247809,103.4
8.27,-5.499088107,2.653612356,-0.219735443,103.2
8.283,-5.85744606,2.985619054,0.186453065,102.7
8.296,-6.173568968,3.383538846,0.60406514,102.4
8.308,-6.443190666,3.748502091,1.081655393,101.9
8.321,-6.663751453,4.046331628,1.475466886,101.6
8.334,-6.83653118,4.245291525,1.905455976,101.1
8.346,-6.955557215,4.312425232,2.199267469,100.9
8.359,-7.032774821,4.245291525,2.405455976,100.6
8.372,-7.068184,4.013375081,2.599267469,100.5
8.385,-7.079276032,3.549542195,2.575466886,100.5
8.397,-7.072876782,2.819615705,2.310253647,100.6
8.41,-7.053252418,1.989598961,1.544563684,101.4
8.423,-7.006324591,1.260893084,0.379350445,102.4
8.435,-6.91716172,0.72992649,-0.491137189,103.4
8.448,-6.771685456,0.364963245,-0.984948682,103.8
8.461,-6.576721665,0.100090254,-1.155436316,104.1
8.474,-6.344642229,-0.100090254,-1.213546935,104.1
8.486,-6.075447148,-0.299050151,-1.19593486,104.2
8.499,-5.769136421,-0.430876339,-1.289746353,104.2
8.512,-5.421017267,-0.530966594,-1.29593486,104.3
8.524,-5.033649385,-0.596879688,-1.289746353,104.2
8.537,-4.608312625,-0.662792783,-1.29593486,104.3
8.55,-4.156525634,-0.72992649,-1.189746353,104.1
8.562,-3.677008564,-0.828796131,-1.19593486,104.2
8.575,-3.175734047,-0.928886386,-1.19593486,104.2
8.588,-2.654408549,-0.99479948,-1.189746353,104.1
8.601,-2.12071117,-1.127846282,-1.19593486,104.2
8.613,-1.578481458,-1.260893084,-1.089746353,104
8.626,-1.03326543,-1.326806178,-1.09593486,104.1
8.639,-0.491035718,-1.359762725,-1.013546935,103.9
8.651,0.040528578,-1.392719272,-0.99593486,104
8.664,0.555454827,-1.45985298,-0.813546935,103.7
8.677,1.046490545,-1.558722621,-0.62592395,103.7
8.689,1.508942951,-1.757682517,-0.513546935,103.4
8.702,1.932573245,-2.056732668,-0.419735443,103.4
8.715,2.310982178,-2.354562206,-0.313546935,103.2
8.728,2.634357569,-2.553522102,-0.19593486,103.2
8.74,2.90099295,-2.71952545,-0.089746353,103
8.753,3.10747539,-2.819615705,0.10406514,102.9
8.766,3.25593797,-2.819615705,0.210253647,102.7
8.778,3.351500091,-2.752481998,0.30406514,102.7
8.791,3.398427918,-2.520565554,0.310253647,102.6
8.804,3.415065966,-2.023776121,0.210253647,102.7
8.817,3.403973934,-1.392719272,-0.013546935,102.9
8.829,3.360032423,-0.828796131,-0.213546935,103.1
8.842,3.272149401,-0.397919792,-0.513546935,103.4
8.855,3.136058702,0,-0.713546935,103.6
8.867,2.932562579,0.332006698,-0.789746353,103.7
8.88,2.669340131,0.530966594,-0.889746353,103.8
8.893,2.363029405,0.696969943,-0.889746353,103.8
8.905,2.020456266,0.762883037,-0.85404548,103.8
8.918,1.636074701,0.895929839,-0.85404548,103.8
8.931,1.211164557,1.027756028,-0.860233987,103.9
8.944,0.747432301,1.127846282,-0.95404548,103.9
8.956,0.2491441,1.260893084,-0.860233987,103.9
8.969,-0.279007263,1.293849631,-0.889746353,103.8
8.982,-0.83062254,1.359762725,-0.79593486,103.8
8.994,-1.400155715,1.45985298,-0.889746353,103.8
9.007,-1.977794605,1.591679168,-0.889746353,103.8
9.02,-2.559699662,1.72472597,-0.889746353,103.8
9.032,-3.134352236,1.890729319,-0.889746353,103.8
9.045,-3.697912778,2.056732668,-0.789746353,103.7
9.058,-4.240995723,2.18977947,-0.789746353,103.7
9.071,-4.758055055,2.288649111,-0.819735443,103.8
9.083,-5.238425358,2.354562206,-0.713546935,103.6
9.096,-5.680826783,2.388739366,-0.619735443,103.6
9.109,-6.07886008,2.45465246,-0.513546935,103.4
9.121,-6.432951867,2.487609007,-0.419735443,103.4
9.134,-6.736276277,2.553522102,-0.413546935,103.3
9.147,-6.990539777,2.620655809,-0.419735443,103.4
9.16,-7.189343117,2.653612356,-0.389746353,103.3
9.172,-7.333966148,2.653612356,-0.39593486,103.4
9.185,-7.427395186,2.587699262,-0.389746353,103.3
9.198,-7.47346978,2.388739366,-0.39593486,103.4
9.21,-7.484988428,1.989598961,-0.389746353,103.3
9.223,-7.465364064,1.492809527,-0.49593486,103.5
9.236,-7.412463604,1.094889735,-0.689746353,103.6
9.248,-7.312208701,0.762883037,-0.79593486,103.8
9.261,-7.159906571,0.430876339,-0.75404548,103.7
9.274,-6.941905483,0.133046802,-0.860233987,103.9
9.287,-6.673563635,-0.032956547,-0.95404548,103.9
9.299,-6.364693209,-0.198959896,-0.924533114,104
9.312,-6.019133755,-0.332006698,-0.924533114,104
9.325,-5.635178806,-0.430876339,-1.018344607,104
9.337,-5.218800994,-0.498010047,-0.900732531,104
9.35,-4.77128017,-0.563923141,-0.894544024,103.9
9.363,-4.297735732,-0.596879688,-0.924533114,104
9.375,-3.803713698,-0.662792783,-0.818344607,103.8
9.388,-3.292200382,-0.795839584,-0.824533114,103.9
9.401,-2.767035335,-0.895929839,-0.718344607,103.7
9.414,-2.236324271,-0.99479948,-0.860233987,103.9
9.426,-1.705613208,-1.094889735,-0.85404548,103.8
9.439,-1.180874777,-1.193759376,-0.660233987,103.7
9.452,-0.667654995,-1.260893084,-0.618344607,103.6
9.464,-0.172353111,-1.293849631,-0.660233987,103.7
9.477,0.300338094,-1.359762725,-0.560233987,103.6
9.49,0.744872602,-1.426896432,-0.49593486,103.5
9.503,1.154851164,-1.558722621,-0.39593486,103.4
9.515,1.526860848,-1.658812876,-0.313546935,103.2
9.528,1.856635488,-1.757682517,-0.219735443,103.2
9.541,2.142468617,-1.757682517,-0.113546935,103
9.553,2.384360235,-1.72472597,-0.09593486,103.1
9.566,2.581883726,-1.691769423,-0.089746353,103
9.579,2.735039089,-1.658812876,-0.119735443,103.1
9.591,2.848945724,-1.625856329,-0.189746353,103.1
9.604,2.923603631,-1.591679168,-0.19593486,103.2
9.617,2.964558825,-1.492809527,-0.25404548,103.2
9.63,2.97906379,-1.226715924,-0.260233987,103.3
9.642,2.973944391,-0.895929839,-0.35404548,103.3
9.655,2.944934461,-0.563923141,-0.460233987,103.5
9.668,2.888621068,-0.332006698,-0.45404548,103.4
9.68,2.807137296,-0.100090254,-0.560233987,103.6
9.693,2.693657278,0.166003349,-0.65404548,103.6
9.706,2.535809132,0.397919792,-0.624533114,103.7
9.718,2.336579175,0.563923141,-0.718344607,103.7
9.731,2.111325604,0.662792783,-0.718344607,103.7
9.744,1.873700153,0.72992649,-0.694544024,103.7
9.757,1.622849586,0.762883037,-0.694544024,103.7
9.769,1.358773904,0.828796131,-0.694544024,103.7
9.782,1.085739273,0.895929839,-0.718344607,103.7
9.795,0.80673201,0.99479948,-0.718344607,103.7
9.807,0.52857798,1.027756028,-0.718344607,103.7
9.82,0.255116733,1.061933188,-0.718344607,103.7
9.833,-0.008105716,1.061933188,-0.724533114,103.8
9.846,-0.258103049,1.094889735,-0.718344607,103.7
9.858,-0.488476019,1.094889735,-0.618344607,103.6
9.871,-0.695811691,1.127846282,-0.618344607,103.6
9.884,-0.875843901,1.127846282,-0.624533114,103.7
9.896,-1.024306481,1.094889735,-0.55404548,103.5
9.909,-1.138213116,1.027756028,-0.660233987,103.7
9.922,-1.21457749,0.99479948,-0.65404548,103.6
9.934,-1.255959301,0.928886386,-0.55404548,103.5
9.947,-1.270464266,0.795839584,-0.55404548,103.5
9.96,-1.259372234,0.563923141,-0.55404548,103.5
9.973,-1.222683205,0.332006698,-0.55404548,103.5
9.985,-1.151864848,0.100090254,-0.55404548,103.5
9.998,-1.044784079,-0.133046802,-0.55404548,103.5
10.011,-0.8809633,-0.364963245,-0.55404548,103.5
10.023,-0.659122663,-0.530966594,-0.524533114,103.6
10.036,-0.392060665,-0.662792783,-0.518344607,103.5
10.049,-0.090442721,-0.762883037,-0.424533114,103.5
10.061,0.246584401,-0.828796131,-0.418344607,103.4
10.074,0.616461002,-0.961842933,-0.324533114,103.4
10.087,1.017053999,-1.061933188,-0.25404548,103.2
10.1,1.443670609,-1.226715924,-0.260233987,103.3
10.112,1.8954576,-1.293849631,-0.083557846,102.9
10.125,2.363029405,-1.426896432,0.00406514,103
10.138,2.842973091,-1.824816225,0.216442154,102.6
10.15,3.330595877,-2.388739366,0.40406514,102.6
10.163,3.823338062,-2.918485347,0.516442154,102.3
10.176,4.307547914,-3.250492044,0.639766013,102.4
10.189,4.775546336,-3.383538846,0.84595452,102.1
10.201,5.215388061,-3.549542195,1.039766013,102
10.214,5.62707309,-3.781458638,1.34595452,101.6
10.227,6.010601423,-4.013375081,1.74595452,101.2
10.239,6.366399676,-4.245291525,2.081655393,100.9
10.252,6.6880686,-4.444251421,2.387843901,100.5
10.265,6.974754962,-4.544341675,2.681655393,100.3
10.277,7.223472446,-4.577298222,2.911644483,100
10.29,7.430808119,-4.544341675,3.099267469,100
10.303,7.603587846,-4.444251421,3.311644483,99.6
10.316,7.737118845,-4.345381779,3.399267469,99.7
10.328,7.836947132,-4.212334977,3.411644483,99.5
10.341,7.900513006,-3.980418534,3.405455976,99.6
10.354,7.936775418,-3.648411836,3.311644483,99.6
10.366,7.94786745,-3.117445243,3.105455976,99.9
10.379,7.948294067,-2.421695913,2.787843901,100.1
10.392,7.932082636,-1.72472597,2.24595452,100.7
10.404,7.891980674,-1.127846282,1.610253647,101.3
10.417,7.825428483,-0.629836235,1.116442154,101.7
10.43,7.72133403,-0.26487299,0.610253647,102.3
10.443,7.576710999,0.065913094,0.252143027,102.6
10.455,7.39283924,0.26487299,-0.018344607,103
10.468,7.186783417,0.463832887,-0.088355517,103
10.481,6.957690298,0.629836235,-0.258843151,103.3
10.493,6.712812363,0.72992649,-0.352654644,103.3
10.506,6.444470515,0.862973292,-0.458843151,103.5
10.519,6.162476936,0.928886386,-0.51695377,103.5
10.532,5.863845309,0.99479948,-0.623142278,103.7
10.544,5.555828116,1.027756028,-0.61695377,103.6
10.557,5.237572125,1.094889735,-0.623142278,103.7
10.57,4.917609667,1.094889735,-0.71695377,103.7
10.582,4.59636736,1.061933188,-0.823142278,103.9
10.595,4.278964601,0.99479948,-0.71695377,103.7
10.608,3.970094176,0.99479948,-0.823142278,103.9
10.62,3.671462548,1.027756028,-0.81695377,103.8
10.633,3.389895586,1.094889735,-0.61695377,103.6
10.646,3.130939303,1.127846282,-0.752654644,103.7
10.659,2.901846183,1.160802829,-0.952654644,103.9
10.671,2.70346946,1.160802829,-0.752654644,103.7
10.684,2.541355148,1.160802829,-0.852654644,103.8
10.697,2.415076631,1.094889735,-0.752654644,103.7
10.709,2.328046843,1.027756028,-0.652654644,103.6
10.722,2.277279466,0.961842933,-0.552654644,103.5
10.735,2.258934952,0.828796131,-0.452654644,103.4
10.747,2.264480968,0.596879688,-0.488355517,103.4
10.76,2.295197364,0.332006698,-0.388355517,103.3
10.773,2.356203539,0.065913094,-0.312156099,103.2
10.786,2.453472126,-0.166003349,-0.218344607,103.2
10.798,2.60278794,-0.463832887,-0.112156099,103
10.811,2.813963162,-0.72992649,-0.018344607,103
10.824,3.079318693,-0.928886386,-0.012156099,102.9
10.836,3.381363253,-1.127846282,0.04595452,102.9
10.849,3.718390376,-1.359762725,0.152143027,102.7
10.862,4.08784036,-1.492809527,0.252143027,102.6
10.875,4.488433357,-1.591679168,0.352143027,102.5
10.887,4.912916884,-1.691769423,0.416442154,102.4
10.9,5.362570792,-1.757682517,0.416442154,102.4
10.913,5.82715628,-1.857772772,0.616442154,102.2
10.925,6.305820117,-1.989598961,0.816442154,102
10.938,6.790456586,-2.122645762,1.016442154,101.8
10.951,7.277652755,-2.288649111,1.216442154,101.6
10.963,7.755463359,-2.553522102,1.522630661,101.2
10.976,8.22346178,-2.985619054,1.816442154,101
10.989,8.669702755,-3.482408487,2.258331535,100.5
11.002,9.087360416,-3.947461987,2.752143027,100.1
11.014,9.472168599,-4.345381779,3.394032408,99.4
11.027,9.817728053,-4.677388477,3.781655393,99.2
11.04,10.12062585,-4.942261467,4.21783299,98.6
11.052,10.37830228,-5.108264816,4.611644483,98.3
11.065,10.59289043,-5.207134458,4.859722371,97.9
11.078,10.76268385,-5.241311618,5.047345356,97.9
11.09,10.89749469,-5.207134458,5.153533863,97.7
11.103,10.98708418,-5.108264816,5.147345356,97.8
11.116,11.04553066,-4.876348373,5.053533863,97.8
11.129,11.07198089,-4.411294873,4.847345356,98.1
11.141,11.0826463,-3.748502091,4.653533863,98.2
11.154,11.07795352,-2.952662507,4.21783299,98.6
11.167,11.06088886,-2.155602309,3.558331535,99.2
11.179,11.02036028,-1.492809527,2.822630661,99.9
11.192,10.95124839,-0.928886386,2.016442154,100.8
11.205,10.84246115,-0.498010047,1.358331535,101.4
11.218,10.68674609,-0.133046802,0.852143027,102
11.23,10.49604846,0.100090254,0.594032408,102.2
11.243,10.27378121,0.299050151,0.411644483,102.5
11.256,10.02975651,0.430876339,0.253533863,102.6
11.268,9.755868645,0.530966594,0.08304623,102.9
11.281,9.461503184,0.629836235,-0.07506439,103
11.294,9.138127793,0.72992649,-0.257452315,103.3
11.306,8.795128038,0.828796131,-0.415562934,103.4
11.319,8.429517603,0.961842933,-0.579862061,103.6
11.332,8.046415887,1.061933188,-0.756061479,103.8
11.345,7.651795523,1.160802829,-0.920360605,104
11.357,7.250775909,1.193759376,-0.984659732,104.1
11.37,6.848903062,1.193759376,-1.148958859,104.3
11.383,6.450443148,1.193759376,-1.325158277,104.5
11.395,6.063501882,1.226715924,-1.183268896,104.3
11.408,5.688505882,1.260893084,-1.39564591,104.7
11.421,5.335267329,1.326806178,-1.289457403,104.5
11.433,5.005492689,1.293849631,-1.39564591,104.7
11.446,4.706861062,1.260893084,-1.383268896,104.5
11.459,4.439372447,1.226715924,-1.49564591,104.8
11.472,4.208999477,1.226715924,-1.418969769,104.5
11.484,4.01488892,1.226715924,-1.348958859,104.5
11.497,3.861733557,1.226715924,-1.284659732,104.4
11.51,3.749533388,1.226715924,-1.220360605,104.3
11.522,3.677861798,1.193759376,-1.156061479,104.2
11.535,3.644159085,1.094889735,-1.086050568,104.2
11.548,3.638186453,0.862973292,-0.915562934,103.9
11.561,3.657810817,0.563923141,-0.87506439,103.8
11.573,3.704738644,0.231916443,-0.710765263,103.6
11.586,3.786649033,-0.065913094,-0.646466137,103.5
11.599,3.9142074,-0.397919792,-0.446466137,103.3
11.611,4.104051791,-0.696969943,-0.28216701,103.1
11.624,4.348929726,-0.895929839,-0.18216701,103
11.637,4.637322554,-0.961842933,-0.005967592,102.8
11.649,4.959418095,-1.061933188,0.194032408,102.6
11.662,5.318202664,-1.193759376,0.358331535,102.4
11.675,5.711543179,-1.359762725,0.558331535,102.2
11.688,6.141999339,-1.492809527,0.622630661,102.1
11.7,6.597625879,-1.591679168,0.722630661,102
11.713,7.074583249,-1.658812876,0.898830079,101.8
11.726,7.566045584,-1.691769423,0.998830079,101.7
11.738,8.067320101,-1.790639065,1.098830079,101.6
11.751,8.575847101,-1.923685866,1.298830079,101.4
11.764,9.087360416,-2.056732668,1.398830079,101.3
11.776,9.595034183,-2.155602309,1.605018586,101
11.789,10.09161592,-2.321605658,1.798830079,100.9
11.802,10.57070637,-2.620655809,2.105018586,100.5
11.815,11.01652073,-3.117445243,2.522630661,100.2
11.827,11.42948561,-3.681368384,3.058331535,99.7
11.84,11.79338958,-4.113465336,3.558331535,99.2
11.853,12.10951248,-4.478428581,4.094032408,98.7
11.865,12.36846877,-4.677388477,4.51783299,98.3
11.878,12.57495121,-4.776258118,4.81783299,98
11.891,12.72725334,-4.776258118,4.924021497,97.8
11.9,12.91965743,-4.411294873,4.953533863,97.9
11.912,12.94866736,-4.146421883,4.753533863,98.1
11.925,12.95719969,-3.615455289,4.553533863,98.3
11.937,12.95762631,-2.819615705,4.11783299,98.7
11.95,12.94056164,-1.989598961,3.594032408,99.2
11.963,12.91112509,-1.45985298,2.952143027,99.9
11.975,12.877849,-1.127846282,2.464520042,100.2
11.988,12.84755922,-0.928886386,2.052143027,100.8
12.001,12.82281546,-0.828796131,1.864520042,100.8
12.013,12.80404433,-0.762883037,1.787843901,101.1
12.026,12.79295229,-0.72992649,1.700220915,101
12.039,12.7775941,-0.696969943,1.587843901,101.3
12.052,12.77162146,-0.662792783,1.594032408,101.2
12.064,12.76266251,-0.629836235,1.487843901,101.4
12.077,12.75796973,-0.629836235,1.494032408,101.3
12.09,12.75029063,-0.596879688,1.487843901,101.4
12.102,12.74645108,-0.563923141,1.494032408,101.3
12.115,12.73962522,-0.563923141,1.51783299,101.3
12.128,12.73322597,-0.563923141,1.41783299,101.4
12.14,12.72853319,-0.530966594,1.41783299,101.4
12.153,12.72213394,-0.530966594,1.387843901,101.5
12.166,12.71957424,-0.498010047,1.41783299,101.4
12.179,12.71402822,-0.498010047,1.411644483,101.5
12.191,12.71232175,-0.498010047,1.41783299,101.4
12.204,12.70634912,-0.463832887,1.411644483,101.5
12.217,12.70506927,-0.463832887,1.41783299,101.4
12.229,12.69867002,-0.430876339,1.411644483,101.5
12.242,12.69781679,-0.463832887,1.41783299,101.4
12.255,12.69397724,-0.430876339,1.411644483,101.5
12.268,12.69141754,-0.430876339,1.411644483,101.5
12.28,12.68800461,-0.430876339,1.411644483,101.5
12.293,12.68672476,-0.463832887,1.411644483,101.5
12.306,12.68459167,-0.463832887,1.411644483,101.5
12.318,12.68288521,-0.430876339,1.411644483,101.5
12.331,12.68288521,-0.430876339,1.41783299,101.4
12.344,12.67947228,-0.463832887,1.411644483,101.5
12.356,12.68160536,-0.463832887,1.41783299,101.4
12.369,12.67776581,-0.430876339,1.411644483,101.5
12.382,12.67904566,-0.430876339,1.41783299,101.4
12.395,12.67563273,-0.430876339,1.511644483,101.4
12.407,12.67904566,-0.430876339,1.51783299,101.3
12.42,12.67563273,-0.430876339,1.511644483,101.4
12.433,12.67904566,-0.430876339,1.51783299,101.3
12.445,12.67477949,-0.430876339,1.511644483,101.4
12.458,12.67477949,-0.430876339,1.51783299,101.3
12.471,12.67435288,-0.430876339,1.511644483,101.4
12.483,12.67605934,-0.430876339,1.51783299,101.3
12.496,12.67563273,-0.430876339,1.511644483,101.4
12.509,12.67349964,-0.430876339,1.511644483,101.4
12.522,12.67349964,-0.430876339,1.511644483,101.4
12.534,12.67179318,-0.430876339,1.51783299,101.3
12.547,12.67435288,-0.430876339,1.511644483,101.4
12.56,12.66966009,-0.430876339,1.511644483,101.4
12.572,12.67221979,-0.430876339,1.511644483,101.4
12.585,12.66795363,-0.430876339,1.511644483,101.4
12.598,12.66966009,-0.430876339,1.511644483,101.4
12.611,12.66710039,-0.430876339,1.51783299,101.3
12.623,12.67051333,-0.430876339,1.611644483,101.3
12.636,12.66624716,-0.430876339,1.61783299,101.2
12.649,12.66838024,-0.430876339,1.611644483,101.3
12.661,12.66582054,-0.430876339,1.611644483,101.3
12.674,12.66582054,-0.430876339,1.611644483,101.3
12.687,12.66368746,-0.430876339,1.61783299,101.2
12.699,12.66496731,-0.430876339,1.611644483,101.3
12.712,12.66368746,-0.430876339,1.61783299,101.2
12.725,12.66454069,-0.430876339,1.611644483,101.3
12.738,12.66368746,-0.430876339,1.653533863,101.2
12.75,12.66368746,-0.430876339,1.641156849,101.4
12.763,12.66496731,-0.397919792,1.61783299,101.2
12.776,12.66368746,-0.430876339,1.611644483,101.3
12.788,12.66624716,-0.430876339,1.61783299,101.2
12.801,12.66496731,-0.430876339,1.611644483,101.3
12.814,12.66496731,-0.430876339,1.61783299,101.2
12.826,12.66198099,-0.430876339,1.611644483,101.3
12.839,12.66368746,-0.430876339,1.611644483,101.3
12.852,12.66070114,-0.397919792,1.611644483,101.3
12.865,12.66070114,-0.397919792,1.611644483,101.3
12.877,12.65814144,-0.397919792,1.747345356,101.2
12.89,12.65814144,-0.397919792,1.747345356,101.2
12.903,12.65515513,-0.397919792,1.753533863,101.1
12.915,12.65643498,-0.430876339,1.747345356,101.2
12.928,12.65643498,-0.430876339,1.753533863,101.1
12.941,12.65600836,-0.397919792,1.741156849,101.3
12.954,12.65643498,-0.397919792,1.753533863,101.1
12.966,12.65344866,-0.397919792,1.705455976,101.3
12.979,12.65515513,-0.397919792,1.71783299,101.1
12.992,12.65387528,-0.397919792,1.705455976,101.3
13.004,12.65814144,-0.397919792,1.753533863,101.1
13.017,12.65515513,-0.397919792,1.741156849,101.3
13.03,12.65814144,-0.397919792,1.753533863,101.1
13.042,12.65387528,-0.397919792,1.711644483,101.2
13.055,12.65387528,-0.397919792,1.711644483,101.2
13.068,12.65344866,-0.397919792,1.747345356,101.2
13.081,12.65259543,-0.397919792,1.747345356,101.2
13.093,12.65216881,-0.397919792,1.747345356,101.2
13.106,12.65131558,-0.397919792,1.711644483,101.2
13.119,12.65131558,-0.397919792,1.711644483,101.2
13.131,12.65003573,-0.397919792,1.711644483,101.2
13.144,12.65216881,-0.397919792,1.71783299,101.1
13.157,12.64832926,-0.397919792,1.805455976,101.2
13.169,12.65088896,-0.397919792,1.811644483,101.1
13.182,12.64747603,-0.397919792,1.805455976,101.2
13.195,12.64875588,-0.397919792,1.811644483,101.1
13.208,12.64960911,-0.397919792,1.847345356,101.1
13.22,12.65131558,-0.397919792,1.811644483,101.1
13.233,12.64960911,-0.397919792,1.811644483,101.1
13.246,12.64832926,-0.397919792,1.811644483,101.1
13.258,12.64832926,-0.397919792,1.811644483,101.1
13.271,12.6466228,-0.397919792,1.811644483,101.1
13.284,12.64747603,-0.397919792,1.811644483,101.1
13.297,12.64747603,-0.397919792,1.805455976,101.2
13.309,12.64832926,-0.397919792,1.811644483,101.1
13.322,12.64534295,-0.397919792,1.811644483,101.1
13.335,12.64747603,-0.397919792,1.811644483,101.1
13.347,12.6440631,-0.397919792,1.805455976,101.2
13.36,12.64747603,-0.397919792,1.847345356,101.1
13.373,12.6440631,-0.397919792,1.841156849,101.2
13.385,12.64619618,-0.397919792,1.847345356,101.1
13.398,12.64491633,-0.364963245,1.805455976,101.2
13.411,12.64832926,-0.364963245,1.847345356,101.1
13.424,12.64534295,-0.364963245,1.847345356,101.1
13.436,12.6466228,-0.397919792,1.811644483,101.1
13.449,12.64619618,-0.397919792,1.805455976,101.2
13.462,12.64363648,-0.397919792,1.811644483,101.1
13.474,12.64491633,-0.364963245,1.805455976,101.2
13.487,12.64363648,-0.397919792,1.811644483,101.1
13.5,12.64363648,-0.364963245,1.811644483,101.1
13.512,12.6415034,-0.397919792,1.847345356,101.1
13.525,12.64363648,-0.397919792,1.947345356,101
13.538,12.64022355,-0.397919792,1.947345356,101
13.551,12.6440631,-0.397919792,1.905455976,101.1
13.563,12.63979693,-0.397919792,1.911644483,101
13.576,12.64278325,-0.397919792,1.905455976,101.1
13.589,12.64022355,-0.397919792,1.947345356,101
13.601,12.64022355,-0.397919792,1.941156849,101.1
13.614,12.63766385,-0.397919792,1.911644483,101
13.627,12.64022355,-0.397919792,1.905455976,101.1
13.64,12.63809046,-0.397919792,1.911644483,101
13.652,12.63979693,-0.397919792,1.905455976,101.1
13.665,12.6389437,-0.397919792,1.911644483,101
13.678,12.63809046,-0.364963245,1.905455976,101.1
13.69,12.6389437,-0.364963245,1.911644483,101
13.703,12.6415034,-0.364963245,1.905455976,101.1
13.716,12.64107678,-0.397919792,1.947345356,101
13.728,12.63979693,-0.397919792,1.905455976,101.1
13.741,12.64235663,-0.430876339,1.911644483,101
13.754,12.63809046,-0.397919792,1.911644483,101
13.767,12.64235663,-0.397919792,1.911644483,101
13.779,12.6389437,-0.397919792,1.911644483,101
13.792,12.6389437,-0.397919792,1.947345356,101
13.805,12.63766385,-0.397919792,1.911644483,101
13.817,12.63766385,-0.364963245,1.905455976,101.1
13.83,12.636384,-0.364963245,1.947345356,101
13.843,12.63681061,-0.364963245,1.941156849,101.1
13.855,12.63553076,-0.364963245,2.011644483,100.9
13.868,12.63553076,-0.397919792,2.005455976,101
13.881,12.63510415,-0.397919792,2.011644483,100.9
13.894,12.6338243,-0.397919792,2.041156849,101
13.906,12.63510415,-0.397919792,2.01783299,100.8
13.919,12.63510415,-0.397919792,2.041156849,101
13.932,12.636384,-0.397919792,2.053533863,100.8
13.944,12.63510415,-0.397919792,2.005455976,101
13.957,12.63766385,-0.397919792,2.053533863,100.8
13.97,12.6338243,-0.397919792,2.041156849,101
13.983,12.636384,-0.364963245,2.047345356,100.9
13.995,12.63510415,-0.364963245,2.041156849,101
14.008,12.63425091,-0.364963245,2.047345356,100.9
14.021,12.63254445,-0.397919792,2.047345356,100.9
14.033,12.6338243,-0.397919792,2.011644483,100.9
14.046,12.63254445,-0.397919792,2.047345356,100.9
14.059,12.6312646,-0.397919792,2.041156849,101
14.071,12.63425091,-0.397919792,2.047345356,100.9
14.084,12.63297106,-0.397919792,2.041156849,101
14.097,12.63553076,-0.397919792,2.047345356,100.9
14.11,12.63297106,-0.430876339,2.041156849,101
14.122,12.63553076,-0.397919792,2.011644483,100.9
14.135,12.63297106,-0.397919792,2.041156849,101
14.148,12.636384,-0.397919792,2.047345356,100.9
14.16,12.63254445,-0.397919792,2.041156849,101
14.173,12.63425091,-0.364963245,2.047345356,100.9
14.186,12.6338243,-0.364963245,2.041156849,101
14.198,12.63254445,-0.364963245,2.041156849,101
14.211,12.63169121,-0.397919792,2.141156849,100.9
14.224,12.63169121,-0.397919792,2.141156849,100.9
14.237,12.63169121,-0.364963245,2.147345356,100.8
14.249,12.62998475,-0.364963245,2.141156849,100.9
14.262,12.63169121,-0.364963245,2.147345356,100.8
14.275,12.62571858,-0.397919792,2.141156849,100.9
14.287,12.62827828,-0.397919792,2.147345356,100.8
14.3,12.62571858,-0.397919792,2.141156849,100.9
14.313,12.62827828,-0.397919792,2.147345356,100.8
14.326,12.62657182,-0.397919792,2.141156849,100.9
14.338,12.62913152,-0.397919792,2.147345356,100.8
14.351,12.62785167,-0.364963245,2.141156849,100.9
14.364,12.6312646,-0.364963245,2.147345356,100.8
14.376,12.62913152,-0.364963245,2.141156849,100.9
14.389,12.62913152,-0.397919792,2.147345356,100.8
14.402,12.62913152,-0.397919792,2.141156849,100.9
14.414,12.62827828,-0.397919792,2.147345356,100.8
14.427,12.62785167,-0.364963245,2.141156849,100.9
14.44,12.62657182,-0.397919792,2.147345356,100.8
14.453,12.62785167,-0.397919792,2.141156849,100.9
14.465,12.62443873,-0.397919792,2.147345356,100.8
14.478,12.62827828,-0.397919792,2.141156849,100.9
14.491,12.62443873,-0.397919792,2.141156849,100.9
14.503,12.62827828,-0.397919792,2.141156849,100.9
14.516,12.62529197,-0.397919792,2.147345356,100.8
14.529,12.62657182,-0.397919792,2.141156849,100.9
14.541,12.62443873,-0.397919792,2.147345356,100.8
14.554,12.62785167,-0.397919792,2.141156849,100.9
14.567,12.62529197,-0.364963245,2.147345356,100.8
14.58,12.62657182,-0.364963245,2.141156849,100.9
14.592,12.62529197,-0.364963245,2.147345356,100.8
14.605,12.62529197,-0.397919792,2.241156849,100.8
14.618,12.62529197,-0.397919792,2.247345356,100.7
14.63,12.62571858,-0.397919792,2.241156849,100.8
14.643,12.62571858,-0.397919792,2.247345356,100.7
14.656,12.62657182,-0.397919792,2.241156849,100.8
14.669,12.62699843,-0.397919792,2.247345356,100.7
14.681,12.62443873,-0.397919792,2.241156849,100.8
14.694,12.62699843,-0.364963245,2.247345356,100.7
14.707,12.62443873,-0.364963245,2.241156849,100.8
14.719,12.62571858,-0.397919792,2.241156849,100.8
14.732,12.62401212,-0.397919792,2.247345356,100.7
14.745,12.62699843,-0.397919792,2.241156849,100.8
14.757,12.62273227,-0.364963245,2.247345356,100.7
14.77,12.62401212,-0.364963245,2.241156849,100.8
14.783,12.62145242,-0.364963245,2.247345356,100.7
14.796,12.62059918,-0.397919792,2.234968342,100.9
14.808,12.62059918,-0.397919792,2.247345356,100.7
14.821,12.62059918,-0.397919792,2.234968342,100.9
14.834,12.62059918,-0.397919792,2.247345356,100.7
14.846,12.62059918,-0.397919792,2.241156849,100.8
14.859,12.62187903,-0.397919792,2.253533863,100.6
14.872,12.61931933,-0.397919792,2.234968342,100.9
14.884,12.62187903,-0.397919792,2.247345356,100.7
14.897,12.62059918,-0.397919792,2.234968342,100.9
14.91,12.62315888,-0.364963245,2.247345356,100.7
14.923,12.62187903,-0.364963245,2.234968342,100.9
14.935,12.62273227,-0.364963245,2.247345356,100.7
14.948,12.62017257,-0.364963245,2.241156849,100.8
14.961,12.62187903,-0.397919792,2.247345356,100.7
14.973,12.62059918,-0.364963245,2.241156849,100.8
14.986,12.62017257,-0.364963245,2.241156849,100.8
14.999,12.62017257,-0.397919792,2.247345356,100.7
15.012,12.61803948,-0.397919792,2.241156849,100.8
15.024,12.61803948,-0.397919792,2.247345356,100.7
15.037,12.61675963,-0.397919792,2.241156849,100.8
15.05,12.61803948,-0.397919792,2.247345356,100.7
15.062,12.61547978,-0.364963245,2.241156849,100.8
15.075,12.62017257,-0.364963245,2.247345356,100.7
15.088,12.61675963,-0.364963245,2.241156849,100.8
15.1,12.62059918,-0.397919792,2.347345356,100.6
15.113,12.61931933,-0.397919792,2.341156849,100.7
15.126,12.62017257,-0.364963245,2.341156849,100.7
15.139,12.61803948,-0.364963245,2.341156849,100.7
15.151,12.61803948,-0.397919792,2.341156849,100.7
15.164,12.61803948,-0.397919792,2.341156849,100.7
15.177,12.6184661,-0.397919792,2.341156849,100.7
15.189,12.62059918,-0.364963245,2.341156849,100.7
15.202,12.61675963,-0.364963245,2.341156849,100.7
15.215,12.61803948,-0.364963245,2.347345356,100.6
15.227,12.61547978,-0.364963245,2.341156849,100.7
15.24,12.6184661,-0.364963245,2.347345356,100.6
15.253,12.61547978,-0.364963245,2.341156849,100.7
15.266,12.61803948,-0.364963245,2.347345356,100.6
15.278,12.61419993,-0.364963245,2.341156849,100.7
15.291,12.61718625,-0.364963245,2.347345356,100.6
15.304,12.6159064,-0.364963245,2.341156849,100.7
15.316,12.61718625,-0.364963245,2.341156849,100.7
15.329,12.61675963,-0.364963245,2.341156849,100.7
15.342,12.61718625,-0.364963245,2.376857722,100.7
15.355,12.61675963,-0.397919792,2.341156849,100.7
15.367,12.6159064,-0.397919792,2.341156849,100.7
15.38,12.61718625,-0.364963245,2.341156849,100.7
15.393,12.61419993,-0.364963245,2.341156849,100.7
15.405,12.61675963,-0.364963245,2.341156849,100.7
15.418,12.61419993,-0.364963245,2.341156849,100.7
15.431,12.61547978,-0.364963245,2.341156849,100.7
15.443,12.61292008,-0.364963245,2.341156849,100.7
15.456,12.6159064,-0.364963245,2.341156849,100.7
15.469,12.61206685,-0.397919792,2.341156849,100.7
15.482,12.6159064,-0.397919792,2.341156849,100.7
15.494,12.6133467,-0.397919792,2.341156849,100.7
15.507,12.61547978,-0.397919792,2.341156849,100.7
15.52,12.6133467,-0.397919792,2.341156849,100.7
15.532,12.6159064,-0.397919792,2.341156849,100.7
15.545,12.61462655,-0.397919792,2.341156849,100.7
15.558,12.61675963,-0.397919792,2.376857722,100.7
15.57,12.61462655,-0.364963245,2.347345356,100.6
15.583,12.61462655,-0.364963245,2.341156849,100.7
15.596,12.61675963,-0.364963245,2.38304623,100.6
15.609,12.61419993,-0.364963245,2.376857722,100.7
15.621,12.61547978,-0.364963245,2.341156849,100.7
15.634,12.61419993,-0.364963245,2.341156849,100.7
15.647,12.6159064,-0.364963245,2.341156849,100.7
15.659,12.61419993,-0.364963245,2.441156849,100.6
15.672,12.61547978,-0.364963245,2.441156849,100.6
15.685,12.610787,-0.364963245,2.441156849,100.6
15.697,12.61292008,-0.364963245,2.441156849,100.6
15.71,12.610787,-0.364963245,2.441156849,100.6
15.723,12.610787,-0.364963245,2.470669215,100.7
15.736,12.61036038,-0.364963245,2.447345356,100.5
15.748,12.610787,-0.364963245,2.434968342,100.7
15.761,12.60865392,-0.364963245,2.447345356,100.5
15.774,12.60950715,-0.364963245,2.434968342,100.7
15.786,12.60950715,-0.364963245,2.447345356,100.5
15.799,12.60865392,-0.364963245,2.434968342,100.7
15.812,12.61164023,-0.364963245,2.447345356,100.5
15.825,12.610787,-0.364963245,2.434968342,100.7
15.837,12.61292008,-0.364963245,2.48304623,100.5
15.85,12.61206685,-0.364963245,2.434968342,100.7
15.863,12.6133467,-0.364963245,2.447345356,100.5
15.875,12.610787,-0.332006698,2.434968342,100.7
15.888,12.61419993,-0.332006698,2.48304623,100.5
15.901,12.61164023,-0.332006698,2.441156849,100.6
15.913,12.61164023,-0.364963245,2.441156849,100.6
15.926,12.6082273,-0.364963245,2.441156849,100.6
15.939,12.60694745,-0.364963245,2.441156849,100.6
15.952,12.60694745,-0.364963245,2.447345356,100.5
15.964,12.60737407,-0.364963245,2.441156849,100.6
15.977,12.60737407,-0.364963245,2.447345356,100.5
15.99,12.60609422,-0.332006698,2.434968342,100.7
16.002,12.60865392,-0.332006698,2.447345356,100.5
16.015,12.60609422,-0.364963245,2.434968342,100.7
16.028,12.60737407,-0.364963245,2.447345356,100.5
16.04,12.6056676,-0.364963245,2.434968342,100.7
16.053,12.60950715,-0.364963245,2.441156849,100.6
16.066,12.60950715,-0.364963245,2.470669215,100.7
16.079,12.61206685,-0.364963245,2.476857722,100.6
16.091,12.61036038,-0.364963245,2.476857722,100.6
16.104,12.60950715,-0.364963245,2.476857722,100.6
16.117,12.61036038,-0.364963245,2.441156849,100.6
16.129,12.60737407,-0.364963245,2.441156849,100.6
16.142,12.6082273,-0.364963245,2.441156849,100.6
16.155,12.60865392,-0.364963245,2.476857722,100.6
16.168,12.61036038,-0.364963245,2.48304623,100.5
16.18,12.60694745,-0.364963245,2.441156849,100.6
16.193,12.61036038,-0.364963245,2.48304623,100.5
16.206,12.60737407,-0.364963245,2.476857722,100.6
16.218,12.610787,-0.364963245,2.441156849,100.6
16.231,12.60865392,-0.364963245,2.441156849,100.6
16.244,12.60865392,-0.364963245,2.441156849,100.6
16.256,12.60694745,-0.364963245,2.441156849,100.6
16.269,12.60737407,-0.332006698,2.441156849,100.6
16.282,12.60481437,-0.364963245,2.476857722,100.6
16.295,12.6056676,-0.364963245,2.476857722,100.6
16.307,12.6056676,-0.332006698,2.476857722,100.6
16.32,12.6056676,-0.332006698,2.441156849,100.6
16.333,12.60737407,-0.332006698,2.441156849,100.6
16.345,12.60481437,-0.364963245,2.441156849,100.6
16.358,12.60609422,-0.364963245,2.476857722,100.6
16.371,12.60225467,-0.364963245,2.476857722,100.6
16.383,12.60481437,-0.332006698,2.441156849,100.6
16.396,12.60182805,-0.364963245,2.441156849,100.6
16.409,12.60609422,-0.364963245,2.576857722,100.5
16.422,12.60225467,-0.364963245,2.541156849,100.5
16.434,12.6056676,-0.364963245,2.576857722,100.5
16.447,12.60353452,-0.364963245,2.576857722,100.5
16.46,12.60481437,-0.364963245,2.576857722,100.5
16.472,12.60225467,-0.364963245,2.576857722,100.5
16.485,12.60438775,-0.364963245,2.576857722,100.5
16.498,12.60353452,-0.332006698,2.576857722,100.5
16.511,12.60609422,-0.332006698,2.576857722,100.5
16.523,12.60609422,-0.364963245,2.576857722,100.5
16.536,12.60438775,-0.364963245,2.576857722,100.5
16.549,12.60481437,-0.332006698,2.541156849,100.5
16.561,12.6031079,-0.332006698,2.541156849,100.5
16.574,12.60353452,-0.332006698,2.541156849,100.5
16.587,12.60182805,-0.364963245,2.541156849,100.5
16.599,12.60438775,-0.364963245,2.541156849,100.5
16.612,12.60097482,-0.364963245,2.541156849,100.5
16.625,12.6031079,-0.332006698,2.576857722,100.5
16.638,12.60097482,-0.332006698,2.576857722,100.5
16.65,12.60225467,-0.332006698,2.570669215,100.6
16.663,12.59969497,-0.364963245,2.541156849,100.5
16.676,12.60225467,-0.364963245,2.541156849,100.5
16.688,12.59841512,-0.364963245,2.547345356,100.4
16.701,12.6005482,-0.364963245,2.570669215,100.6
16.714,12.59884174,-0.364963245,2.547345356,100.4
16.727,12.59884174,-0.364963245,2.534968342,100.6
16.739,12.6005482,-0.364963245,2.547345356,100.4
16.752,12.6005482,-0.364963245,2.570669215,100.6
16.765,12.60097482,-0.364963245,2.58304623,100.4
16.777,12.6005482,-0.364963245,2.570669215,100.6
16.79,12.60225467,-0.364963245,2.58304623,100.4
16.803,12.6005482,-0.364963245,2.570669215,100.6
16.815,12.60438775,-0.364963245,2.547345356,100.4
16.828,12.60225467,-0.364963245,2.570669215,100.6
16.841,12.60353452,-0.364963245,2.541156849,100.5
16.854,12.60225467,-0.364963245,2.541156849,100.5
16.866,12.60225467,-0.364963245,2.541156849,100.5
16.879,12.60097482,-0.364963245,2.541156849,100.5
16.892,12.60097482,-0.332006698,2.541156849,100.5
16.904,12.59841512,-0.332006698,2.541156849,100.5
16.917,12.59713527,-0.332006698,2.534968342,100.6
16.93,12.59841512,-0.364963245,2.547345356,100.4
16.942,12.59500219,-0.397919792,2.570669215,100.6
16.955,12.59756189,-0.463832887,2.58304623,100.4
16.968,12.59585542,-0.498010047,2.570669215,100.6
16.981,12.59884174,-0.530966594,2.58304623,100.4
16.993,12.59628204,-0.530966594,2.670669215,100.5
17.006,12.59969497,-0.563923141,2.676857722,100.4
17.019,12.59756189,-0.563923141,2.670669215,100.5
17.031,12.59884174,-0.563923141,2.676857722,100.4
17.044,12.59884174,-0.596879688,2.670669215,100.5
17.057,12.59884174,-0.596879688,2.676857722,100.4
17.069,12.59841512,-0.563923141,2.676857722,100.4
17.082,12.59841512,-0.596879688,2.676857722,100.4
17.095,12.59884174,-0.596879688,2.676857722,100.4
17.108,12.59713527,-0.629836235,2.676857722,100.4
17.12,12.60097482,-0.629836235,2.676857722,100.4
17.133,12.59713527,-0.629836235,2.670669215,100.5
17.146,12.59841512,-0.629836235,2.676857722,100.4
17.158,12.59713527,-0.596879688,2.670669215,100.5
17.171,12.6005482,-0.596879688,2.676857722,100.4
17.184,12.59713527,-0.629836235,2.670669215,100.5
17.197,12.59969497,-0.629836235,2.676857722,100.4
17.209,12.59628204,-0.629836235,2.676857722,100.4
17.222,12.59841512,-0.596879688,2.676857722,100.4
17.235,12.59756189,-0.596879688,2.670669215,100.5
17.247,12.59713527,-0.596879688,2.670669215,100.5
17.26,12.59841512,-0.629836235,2.676857722,100.4
17.273,12.59884174,-0.629836235,2.676857722,100.4
17.285,12.59969497,-0.629836235,2.676857722,100.4
17.298,12.59756189,-0.629836235,2.676857722,100.4
17.311,12.60097482,-0.629836235,2.676857722,100.4
17.324,12.59756189,-0.629836235,2.676857722,100.4
17.336,12.60097482,-0.629836235,2.676857722,100.4
17.349,12.59841512,-0.629836235,2.676857722,100.4
17.362,12.6005482,-0.629836235,2.676857722,100.4
17.374,12.59841512,-0.629836235,2.676857722,100.4
17.387,12.60097482,-0.596879688,2.676857722,100.4
17.4,12.59756189,-0.629836235,2.676857722,100.4
17.412,12.6005482,-0.629836235,2.676857722,100.4
17.425,12.59884174,-0.629836235,2.676857722,100.4
17.438,12.6005482,-0.629836235,2.676857722,100.4
17.451,12.6005482,-0.596879688,2.676857722,100.4
17.463,12.60097482,-0.596879688,2.676857722,100.4
17.476,12.60097482,-0.596879688,2.676857722,100.4
17.489,12.6005482,-0.596879688,2.676857722,100.4
17.501,12.6005482,-0.629836235,2.676857722,100.4
17.514,12.59756189,-0.629836235,2.676857722,100.4
17.527,12.60097482,-0.629836235,2.676857722,100.4
17.54,12.59756189,-0.629836235,2.676857722,100.4
17.552,12.60097482,-0.629836235,2.676857722,100.4
17.565,12.59969497,-0.629836235,2.676857722,100.4
17.578,12.60097482,-0.629836235,2.676857722,100.4
17.59,12.59756189,-0.596879688,2.676857722,100.4
17.603,12.59969497,-0.596879688,2.676857722,100.4
17.616,12.59500219,-0.596879688,2.676857722,100.4
17.628,12.59841512,-0.629836235,2.670669215,100.5
17.641,12.59841512,-0.629836235,2.676857722,100.4
17.654,12.59884174,-0.629836235,2.670669215,100.5
17.667,12.59841512,-0.629836235,2.68304623,100.3
17.679,12.59841512,-0.629836235,2.670669215,100.5
17.692,12.59756189,-0.596879688,2.68304623,100.3
17.705,12.59841512,-0.596879688,2.670669215,100.5
17.717,12.6005482,-0.629836235,2.68304623,100.3
17.73,12.59884174,-0.629836235,2.670669215,100.5
17.743,12.60225467,-0.629836235,2.68304623,100.3
17.755,12.59969497,-0.629836235,2.770669215,100.4
17.768,12.60097482,-0.629836235,2.776857722,100.3
17.781,12.59969497,-0.629836235,2.770669215,100.4
17.794,12.60097482,-0.629836235,2.776857722,100.3
17.806,12.59756189,-0.629836235,2.776857722,100.3
17.819,12.59884174,-0.629836235,2.776857722,100.3
17.832,12.59841512,-0.629836235,2.776857722,100.3
17.844,12.59756189,-0.629836235,2.770669215,100.4
17.857,12.59841512,-0.629836235,2.776857722,100.3
17.87,12.59713527,-0.629836235,2.770669215,100.4
17.883,12.59756189,-0.629836235,2.78304623,100.2
17.895,12.59713527,-0.596879688,2.770669215,100.4
17.908,12.59884174,-0.596879688,2.78304623,100.2
17.921,12.59628204,-0.596879688,2.770669215,100.4
17.933,12.59969497,-0.596879688,2.776857722,100.3
17.946,12.59713527,-0.596879688,2.770669215,100.4
17.959,12.59969497,-0.629836235,2.776857722,100.3
17.971,12.59969497,-0.629836235,2.770669215,100.4
17.984,12.60097482,-0.629836235,2.776857722,100.3
17.997,12.59884174,-0.629836235,2.770669215,100.4
18.01,12.59969497,-0.629836235,2.776857722,100.3
18.022,12.59841512,-0.629836235,2.776857722,100.3
18.035,12.59628204,-0.629836235,2.776857722,100.3
18.048,12.59884174,-0.629836235,2.776857722,100.3
18.06,12.59756189,-0.629836235,2.770669215,100.4
18.073,12.6005482,-0.629836235,2.776857722,100.3
18.086,12.59884174,-0.629836235,2.770669215,100.4
18.098,12.60182805,-0.596879688,2.812558596,100.3
18.111,12.59884174,-0.596879688,2.770669215,100.4
18.124,12.6031079,-0.596879688,2.776857722,100.3
18.137,12.59884174,-0.596879688,2.770669215,100.4
18.149,12.60097482,-0.629836235,2.776857722,100.3
18.162,12.6005482,-0.629836235,2.770669215,100.4
18.175,12.60097482,-0.629836235,2.776857722,100.3
18.187,12.6005482,-0.629836235,2.776857722,100.3
18.2,12.60097482,-0.629836235,2.776857722,100.3
18.213,12.59969497,-0.596879688,2.776857722,100.3
18.226,12.59884174,-0.629836235,2.770669215,100.4
18.238,12.60182805,-0.629836235,2.776857722,100.3
18.251,12.59969497,-0.629836235,2.770669215,100.4
18.264,12.60182805,-0.629836235,2.776857722,100.3
18.276,12.59756189,-0.629836235,2.770669215,100.4
18.289,12.59969497,-0.629836235,2.776857722,100.3
18.302,12.59713527,-0.662792783,2.776857722,100.3
18.314,12.59969497,-0.662792783,2.776857722,100.3
18.327,12.59628204,-0.629836235,2.776857722,100.3
18.34,12.6005482,-0.629836235,2.776857722,100.3
18.353,12.59756189,-0.629836235,2.770669215,100.4
18.365,12.59969497,-0.629836235,2.770669215,100.4
18.378,12.59841512,-0.629836235,2.776857722,100.3
18.391,12.6005482,-0.629836235,2.776857722,100.3
18.403,12.59969497,-0.629836235,2.776857722,100.3
18.416,12.6005482,-0.629836235,2.776857722,100.3
18.429,12.59884174,-0.629836235,2.776857722,100.3
18.441,12.59756189,-0.629836235,2.770669215,100.4
18.454,12.59969497,-0.629836235,2.776857722,100.3
18.467,12.59756189,-0.629836235,2.770669215,100.4
18.48,12.60097482,-0.662792783,2.776857722,100.3
18.492,12.59884174,-0.662792783,2.776857722,100.3
18.505,12.60182805,-0.662792783,2.812558596,100.3
18.518,12.59884174,-0.662792783,2.776857722,100.3
18.53,12.60182805,-0.662792783,2.776857722,100.3
18.543,12.59713527,-0.662792783,2.776857722,100.3
18.556,12.59841512,-0.662792783,2.770669215,100.4
18.569,12.59585542,-0.662792783,2.776857722,100.3
18.581,12.59756189,-0.662792783,2.770669215,100.4
18.594,12.59713527,-0.629836235,2.812558596,100.3
18.607,12.59756189,-0.629836235,2.770669215,100.4
18.619,12.59756189,-0.629836235,2.78304623,100.2
18.632,12.59884174,-0.629836235,2.770669215,100.4
18.645,12.59969497,-0.629836235,2.776857722,100.3
18.657,12.59841512,-0.662792783,2.806370088,100.4
18.67,12.60097482,-0.629836235,2.776857722,100.3
18.683,12.59884174,-0.629836235,2.770669215,100.4
18.696,12.6005482,-0.629836235,2.776857722,100.3
18.708,12.59969497,-0.596879688,2.870669215,100.3
18.721,12.60097482,-0.629836235,2.876857722,100.2
18.734,12.59713527,-0.629836235,2.876857722,100.2
18.746,12.59969497,-0.629836235,2.876857722,100.2
18.759,12.59841512,-0.662792783,2.876857722,100.2
18.772,12.59756189,-0.629836235,2.870669215,100.3
18.784,12.59713527,-0.629836235,2.876857722,100.2
18.797,12.59713527,-0.629836235,2.870669215,100.3
18.81,12.59756189,-0.629836235,2.876857722,100.2
18.823,12.59841512,-0.629836235,2.906370088,100.3
18.835,12.59884174,-0.629836235,2.918747103,100.1
18.848,12.59585542,-0.629836235,2.906370088,100.3
18.861,12.59884174,-0.629836235,2.918747103,100.1
18.873,12.59713527,-0.629836235,2.900181581,100.4
18.886,12.6005482,-0.662792783,2.876857722,100.2
18.899,12.59884174,-0.662792783,2.870669215,100.3
18.912,12.60097482,-0.662792783,2.876857722,100.2
18.924,12.59841512,-0.629836235,2.870669215,100.3
18.937,12.59969497,-0.629836235,2.912558596,100.2
18.95,12.59756189,-0.629836235,2.870669215,100.3
18.962,12.59713527,-0.629836235,2.876857722,100.2
18.975,12.59756189,-0.629836235,2.870669215,100.3
18.988,12.59628204,-0.629836235,2.870669215,100.3
19,12.59713527,-0.629836235,2.876857722,100.2
19.013,12.59500219,-0.629836235,2.870669215,100.3
19.026,12.59756189,-0.629836235,2.876857722,100.2
19.039,12.59457557,-0.662792783,2.870669215,100.3
19.051,12.59884174,-0.662792783,2.876857722,100.2
19.064,12.59585542,-0.662792783,2.870669215,100.3
19.077,12.59841512,-0.629836235,2.876857722,100.2
19.089,12.59713527,-0.629836235,2.870669215,100.3
19.102,12.59884174,-0.629836235,2.870669215,100.3
19.115,12.59713527,-0.629836235,2.870669215,100.3
19.127,12.59884174,-0.629836235,2.876857722,100.2
19.14,12.59756189,-0.629836235,2.870669215,100.3
19.153,12.59713527,-0.629836235,2.876857722,100.2
19.166,12.59884174,-0.629836235,2.906370088,100.3
19.178,12.59628204,-0.629836235,2.870669215,100.3
19.191,12.59756189,-0.596879688,2.876857722,100.2
19.204,12.59713527,-0.596879688,2.870669215,100.3
19.216,12.59969497,-0.596879688,2.876857722,100.2
19.229,12.59713527,-0.629836235,2.876857722,100.2
19.242,12.6005482,-0.629836235,2.876857722,100.2
19.255,12.59500219,-0.629836235,2.876857722,100.2
19.267,12.59884174,-0.629836235,2.876857722,100.2
19.28,12.59628204,-0.629836235,2.870669215,100.3
19.293,12.59756189,-0.629836235,2.906370088,100.3
19.305,12.59628204,-0.629836235,2.870669215,100.3
19.318,12.59841512,-0.629836235,2.870669215,100.3
19.331,12.59585542,-0.629836235,2.912558596,100.2
19.343,12.59884174,-0.629836235,2.906370088,100.3
19.356,12.59841512,-0.629836235,2.912558596,100.2
19.369,12.59756189,-0.629836235,2.870669215,100.3
19.382,12.6005482,-0.629836235,2.876857722,100.2
19.394,12.59841512,-0.629836235,2.906370088,100.3
19.407,12.59884174,-0.629836235,2.912558596,100.2
19.42,12.59756189,-0.629836235,2.906370088,100.3
19.432,12.59884174,-0.629836235,2.876857722,100.2
19.445,12.59713527,-0.629836235,2.870669215,100.3
19.458,12.60097482,-0.629836235,2.876857722,100.2
19.47,12.59628204,-0.629836235,2.870669215,100.3
19.483,12.59884174,-0.629836235,2.870669215,100.3
19.496,12.59713527,-0.629836235,2.906370088,100.3
19.509,12.59841512,-0.629836235,2.906370088,100.3
19.521,12.59585542,-0.629836235,2.912558596,100.2
19.534,12.59884174,-0.596879688,2.906370088,100.3
19.547,12.59585542,-0.629836235,2.876857722,100.2
19.559,12.59841512,-0.596879688,2.870669215,100.3
19.572,12.59756189,-0.629836235,2.876857722,100.2
19.585,12.59713527,-0.629836235,2.870669215,100.3
19.598,12.59841512,-0.629836235,2.876857722,100.2
19.61,12.59713527,-0.629836235,2.906370088,100.3
19.623,12.59756189,-0.596879688,2.876857722,100.2
19.636,12.59713527,-0.596879688,2.906370088,100.3
19.648,12.59969497,-0.596879688,2.912558596,100.2
19.661,12.59628204,-0.596879688,2.906370088,100.3
19.674,12.59969497,-0.629836235,2.912558596,100.2
19.686,12.59713527,-0.629836235,2.906370088,100.3
19.699,12.59713527,-0.629836235,2.906370088,100.3
19.712,12.59500219,-0.629836235,2.912558596,100.2
19.725,12.59585542,-0.629836235,2.870669215,100.3
19.737,12.59372234,-0.629836235,2.876857722,100.2
19.75,12.59244249,-0.629836235,2.870669215,100.3
19.763,12.59372234,-0.629836235,2.876857722,100.2
19.775,12.59329572,-0.629836235,2.906370088,100.3
19.788,12.59628204,-0.629836235,2.912558596,100.2
19.801,12.59457557,-0.629836235,2.900181581,100.4
19.813,12.59713527,-0.629836235,2.918747103,100.1
19.826,12.59500219,-0.629836235,2.906370088,100.3
19.839,12.59969497,-0.629836235,2.918747103,100.1
19.852,12.59628204,-0.629836235,2.870669215,100.3
19.864,12.59884174,-0.629836235,2.876857722,100.2
19.877,12.59756189,-0.629836235,2.870669215,100.3
19.89,12.59841512,-0.596879688,2.912558596,100.2
19.902,12.59841512,-0.596879688,3.006370088,100.2
19.915,12.59585542,-0.629836235,3.012558596,100.1
19.928,12.59585542,-0.629836235,3.006370088,100.2
19.941,12.59457557,-0.629836235,3.012558596,100.1
19.953,12.59500219,-0.629836235,3.012558596,100.1
19.966,12.59244249,-0.629836235,3.006370088,100.2
19.979,12.59628204,-0.629836235,3.012558596,100.1
19.991,12.59244249,-0.629836235,3.006370088,100.2
20.004,12.59500219,-0.629836235,3.012558596,100.1
20.017,12.59372234,-0.629836235,3.006370088,100.2
20.029,12.59628204,-0.596879688,3.012558596,100.1
20.042,12.59329572,-0.596879688,3.006370088,100.2
20.055,12.59628204,-0.596879688,3.012558596,100.1
20.068,12.59628204,-0.596879688,3.006370088,100.2
20.08,12.59841512,-0.629836235,2.970669215,100.2
20.093,12.59884174,-0.629836235,2.970669215,100.2
20.106,12.59628204,-0.662792783,3.006370088,100.2
20.118,12.59756189,-0.662792783,3.006370088,100.2
20.131,12.59841512,-0.662792783,3.006370088,100.2
20.144,12.59884174,-0.629836235,3.012558596,100.1
20.156,12.59713527,-0.662792783,3.006370088,100.2
20.169,12.60097482,-0.662792783,3.006370088,100.2
20.182,12.59841512,-0.629836235,3.006370088,100.2
20.195,12.60182805,-0.629836235,3.006370088,100.2
20.207,12.59713527,-0.629836235,3.006370088,100.2
20.22,12.59884174,-0.629836235,3.006370088,100.2
20.233,12.59713527,-0.629836235,3.006370088,100.2
20.245,12.59969497,-0.629836235,3.006370088,100.2
20.258,12.59841512,-0.629836235,3.012558596,100.1
20.271,12.59756189,-0.629836235,3.006370088,100.2
20.284,12.59628204,-0.629836235,2.970669215,100.2
20.296,12.59585542,-0.629836235,2.970669215,100.2
20.309,12.59628204,-0.629836235,2.976857722,100.1
20.322,12.59585542,-0.629836235,2.970669215,100.2
20.334,12.59500219,-0.629836235,2.976857722,100.1
20.347,12.59372234,-0.629836235,3.006370088,100.2
20.36,12.59500219,-0.629836235,3.012558596,100.1
20.372,12.59457557,-0.629836235,3.006370088,100.2
20.385,12.59756189,-0.629836235,3.012558596,100.1
20.398,12.59457557,-0.662792783,3.006370088,100.2
20.411,12.59585542,-0.662792783,3.012558596,100.1
20.423,12.59329572,-0.629836235,3.006370088,100.2
20.436,12.59585542,-0.629836235,3.006370088,100.2
20.449,12.59244249,-0.629836235,2.976857722,100.1
20.461,12.59500219,-0.596879688,3.006370088,100.2
20.474,12.59329572,-0.596879688,3.012558596,100.1
20.487,12.59457557,-0.596879688,3.006370088,100.2
20.499,12.59372234,-0.596879688,3.012558596,100.1
20.512,12.59372234,-0.596879688,3.006370088,100.2
20.525,12.59329572,-0.596879688,3.012558596,100.1
20.538,12.59372234,-0.629836235,3.006370088,100.2
20.55,12.59500219,-0.629836235,3.012558596,100.1
20.563,12.59457557,-0.629836235,3.006370088,100.2
20.576,12.59628204,-0.629836235,3.012558596,100.1
20.588,12.59457557,-0.629836235,3.006370088,100.2
20.601,12.59713527,-0.629836235,3.012558596,100.1
20.614,12.59500219,-0.629836235,3.006370088,100.2
20.627,12.59585542,-0.629836235,3.012558596,100.1
20.639,12.59372234,-0.596879688,3.012558596,100.1
20.652,12.59457557,-0.596879688,3.006370088,100.2
20.665,12.59244249,-0.596879688,3.012558596,100.1
20.677,12.59329572,-0.596879688,3.006370088,100.2
20.69,12.59329572,-0.596879688,3.012558596,100.1
20.703,12.59116264,-0.629836235,3.006370088,100.2
20.715,12.59244249,-0.629836235,2.976857722,100.1
20.728,12.59201587,-0.662792783,2.964480708,100.3
20.741,12.59329572,-0.662792783,2.976857722,100.1
20.754,12.59244249,-0.662792783,3.006370088,100.2
20.766,12.59585542,-0.662792783,3.018747103,100
20.779,12.59329572,-0.629836235,3.000181581,100.3
20.792,12.59713527,-0.629836235,3.012558596,100.1
20.804,12.59372234,-0.629836235,3.006370088,100.2
20.817,12.59500219,-0.629836235,3.012558596,100.1
20.83,12.59457557,-0.629836235,3.006370088,100.2
20.842,12.59500219,-0.629836235,2.976857722,100.1
20.855,12.59329572,-0.629836235,2.976857722,100.1
20.868,12.59372234,-0.629836235,3.012558596,100.1
20.881,12.59329572,-0.629836235,3.006370088,100.2
20.893,12.59073602,-0.629836235,3.006370088,100.2
20.906,12.59244249,-0.596879688,3.012558596,100.1
20.919,12.58902955,-0.596879688,3.006370088,100.2
20.931,12.59201587,-0.596879688,3.012558596,100.1
20.944,12.58988279,-0.629836235,3.006370088,100.2
20.957,12.59457557,-0.596879688,3.012558596,100.1
20.97,12.58988279,-0.596879688,3.006370088,100.2
20.982,12.59372234,-0.629836235,3.012558596,100.1
20.995,12.59201587,-0.596879688,3.006370088,100.2
21.008,12.59457557,-0.629836235,2.970669215,100.2
21.02,12.59457557,-0.629836235,2.970669215,100.2
21.033,12.59585542,-0.629836235,2.970669215,100.2
21.046,12.59500219,-0.596879688,3.006370088,100.2
21.058,12.59457557,-0.596879688,3.006370088,100.2
21.071,12.59500219,-0.629836235,2.970669215,100.2
21.084,12.59244249,-0.596879688,2.970669215,100.2
21.097,12.59585542,-0.629836235,2.970669215,100.2
21.109,12.59201587,-0.596879688,3.006370088,100.2
21.122,12.59457557,-0.596879688,3.006370088,100.2
21.135,12.59244249,-0.596879688,3.006370088,100.2
21.147,12.59329572,-0.629836235,3.006370088,100.2
21.16,12.59073602,-0.629836235,3.012558596,100.1
21.173,12.59457557,-0.629836235,3.006370088,100.2
21.185,12.59073602,-0.596879688,2.976857722,100.1
21.198,12.59329572,-0.596879688,2.970669215,100.2
21.211,12.59116264,-0.596879688,3.012558596,100.1
21.224,12.59201587,-0.596879688,3.006370088,100.2
21.236,12.59116264,-0.596879688,3.012558596,100.1
21.249,12.59329572,-0.596879688,3.006370088,100.2
21.262,12.59201587,-0.596879688,3.012558596,100.1
21.274,12.59244249,-0.629836235,3.006370088,100.2
21.287,12.59329572,-0.629836235,3.012558596,100.1
21.3,12.59073602,-0.629836235,3.006370088,100.2
21.313,12.59372234,-0.596879688,3.076857722,100
21.325,12.59201587,-0.596879688,2.970669215,100.2
21.338,12.59500219,-0.563923141,3.012558596,100.1
21.351,12.59244249,-0.563923141,3.106370088,100.1
21.363,12.59457557,-0.596879688,3.112558596,100
21.376,12.59073602,-0.629836235,3.070669215,100.1
21.389,12.59372234,-0.629836235,3.106370088,100.1
21.401,12.59073602,-0.629836235,3.106370088,100.1
21.414,12.59329572,-0.629836235,3.106370088,100.1
21.427,12.59244249,-0.629836235,3.112558596,100
21.44,12.59244249,-0.596879688,3.070669215,100.1
21.452,12.59244249,-0.596879688,3.112558596,100
21.465,12.59372234,-0.596879688,3.106370088,100.1
21.478,12.59201587,-0.596879688,3.112558596,100
21.49,12.59329572,-0.596879688,3.106370088,100.1
21.503,12.59372234,-0.596879688,3.112558596,100
21.516,12.59244249,-0.596879688,3.106370088,100.1
21.528,12.59372234,-0.629836235,3.112558596,100
21.541,12.59116264,-0.596879688,3.106370088,100.1
21.554,12.59329572,-0.596879688,3.076857722,100
21.567,12.59116264,-0.596879688,3.070669215,100.1
21.579,12.59372234,-0.596879688,3.112558596,100
21.592,12.58988279,-0.596879688,3.106370088,100.1
21.605,12.59116264,-0.596879688,3.106370088,100.1
21.617,12.58902955,-0.596879688,3.106370088,100.1
21.63,12.58988279,-0.629836235,3.106370088,100.1
21.643,12.58988279,-0.629836235,3.112558596,100
21.656,12.59073602,-0.629836235,3.106370088,100.1
21.668,12.59073602,-0.629836235,3.112558596,100
21.681,12.58988279,-0.596879688,3.106370088,100.1
21.694,12.59201587,-0.596879688,3.118747103,99.9
21.706,12.58860294,-0.596879688,3.106370088,100.1
21.719,12.59244249,-0.596879688,3.112558596,100
21.732,12.59073602,-0.596879688,3.100181581,100.2
21.744,12.59201587,-0.596879688,3.112558596,100
21.757,12.58988279,-0.596879688,3.106370088,100.1
21.77,12.59201587,-0.596879688,3.112558596,100
21.783,12.59073602,-0.596879688,3.106370088,100.1
21.795,12.59201587,-0.596879688,3.076857722,100
21.808,12.59116264,-0.596879688,3.070669215,100.1
21.821,12.58860294,-0.596879688,3.106370088,100.1
21.833,12.58988279,-0.596879688,3.106370088,100.1
21.846,12.5877497,-0.596879688,3.106370088,100.1
21.859,12.58860294,-0.596879688,3.112558596,100
21.871,12.58646985,-0.596879688,3.106370088,100.1
21.884,12.58988279,-0.596879688,3.112558596,100
21.897,12.58732309,-0.596879688,3.106370088,100.1
21.91,12.59073602,-0.596879688,3.112558596,100
21.922,12.58732309,-0.596879688,3.106370088,100.1
21.935,12.59116264,-0.596879688,3.112558596,100
21.948,12.58988279,-0.596879688,3.106370088,100.1
21.96,12.59244249,-0.629836235,3.112558596,100
21.973,12.59244249,-0.596879688,3.106370088,100.1
21.986,12.59201587,-0.596879688,3.112558596,100
21.999,12.59116264,-0.596879688,3.106370088,100.1
22.011,12.58988279,-0.596879688,3.106370088,100.1
22.024,12.59244249,-0.596879688,3.106370088,100.1
22.037,12.58902955,-0.596879688,3.106370088,100.1
22.049,12.59116264,-0.596879688,3.106370088,100.1
22.062,12.58988279,-0.596879688,3.106370088,100.1
22.075,12.59244249,-0.629836235,3.106370088,100.1
22.087,12.58988279,-0.629836235,3.112558596,100
22.1,12.59329572,-0.596879688,3.106370088,100.1
22.113,12.58902955,-0.596879688,3.106370088,100.1
22.126,12.59116264,-0.596879688,3.106370088,100.1
22.138,12.59073602,-0.596879688,3.070669215,100.1
22.151,12.59329572,-0.596879688,3.106370088,100.1
22.164,12.59201587,-0.596879688,3.112558596,100
22.176,12.59329572,-0.596879688,3.106370088,100.1
22.189,12.59201587,-0.629836235,3.112558596,100
22.202,12.59329572,-0.629836235,3.106370088,100.1
22.214,12.59329572,-0.596879688,3.112558596,100
22.227,12.59201587,-0.596879688,3.106370088,100.1
22.24,12.59372234,-0.596879688,3.112558596,100
22.253,12.59244249,-0.596879688,3.106370088,100.1
22.265,12.59372234,-0.596879688,3.112558596,100
22.278,12.59073602,-0.596879688,3.106370088,100.1
22.291,12.59244249,-0.596879688,3.112558596,100
22.303,12.5877497,-0.596879688,3.106370088,100.1
22.316,12.59116264,-0.596879688,3.106370088,100.1
22.329,12.5877497,-0.596879688,3.106370088,100.1
22.342,12.58988279,-0.596879688,3.106370088,100.1
22.354,12.58860294,-0.596879688,3.070669215,100.1
22.367,12.58988279,-0.563923141,3.106370088,100.1
22.38,12.5877497,-0.563923141,3.112558596,100
22.392,12.58902955,-0.563923141,3.106370088,100.1
22.405,12.5877497,-0.596879688,3.112558596,100
22.418,12.5877497,-0.596879688,3.106370088,100.1
22.43,12.58902955,-0.596879688,3.112558596,100
22.443,12.58860294,-0.596879688,3.106370088,100.1
22.456,12.58988279,-0.596879688,3.112558596,100
22.469,12.58902955,-0.596879688,3.106370088,100.1
22.481,12.58902955,-0.596879688,3.112558596,100
22.494,12.5877497,-0.596879688,3.106370088,100.1
22.507,12.59244249,-0.596879688,3.112558596,100
22.519,12.58860294,-0.596879688,3.106370088,100.1
22.532,12.58988279,-0.596879688,3.106370088,100.1
22.545,12.5877497,-0.596879688,3.106370088,100.1
22.557,12.58860294,-0.596879688,3.106370088,100.1
22.57,12.58732309,-0.596879688,3.112558596,100
22.583,12.58732309,-0.596879688,3.106370088,100.1
22.596,12.58646985,-0.596879688,3.112558596,100
22.608,12.58646985,-0.596879688,3.106370088,100.1
22.621,12.58860294,-0.629836235,3.112558596,100
22.634,12.58519,-0.596879688,3.100181581,100.2
22.646,12.5877497,-0.596879688,3.112558596,100
22.659,12.58519,-0.596879688,3.100181581,100.2
22.672,12.58902955,-0.596879688,3.112558596,100
22.685,12.58860294,-0.563923141,3.106370088,100.1
22.697,12.59116264,-0.563923141,3.112558596,100
22.71,12.5877497,-0.596879688,3.106370088,100.1
22.723,12.59073602,-0.596879688,3.112558596,100
22.735,12.58860294,-0.596879688,3.106370088,100.1
22.748,12.58732309,-0.596879688,3.106370088,100.1
22.761,12.58732309,-0.596879688,3.106370088,100.1
22.773,12.58646985,-0.596879688,3.106370088,100.1
22.786,12.58646985,-0.596879688,3.112558596,100
22.799,12.58519,-0.596879688,3.106370088,100.1
22.812,12.58646985,-0.596879688,3.112558596,100
22.824,12.5826303,-0.596879688,3.106370088,100.1
22.837,12.58646985,-0.596879688,3.112558596,100
22.85,12.58391015,-0.596879688,3.100181581,100.2
22.862,12.58732309,-0.596879688,3.112558596,100
22.875,12.58604324,-0.596879688,3.106370088,100.1
22.888,12.59073602,-0.596879688,3.112558596,100
22.9,12.58860294,-0.596879688,3.106370088,100.1
22.913,12.59116264,-0.596879688,3.112558596,100
22.926,12.58988279,-0.596879688,3.106370088,100.1
22.939,12.58902955,-0.596879688,3.106370088,100.1
22.951,12.58988279,-0.596879688,3.106370088,100.1
22.964,12.58732309,-0.596879688,3.106370088,100.1
22.977,12.58732309,-0.596879688,3.106370088,100.1
22.989,12.58646985,-0.596879688,3.106370088,100.1
23.002,12.58860294,-0.596879688,3.106370088,100.1
23.015,12.58476339,-0.596879688,3.106370088,100.1
23.028,12.58860294,-0.596879688,3.106370088,100.1
23.04,12.58519,-0.596879688,3.106370088,100.1
23.053,12.5877497,-0.596879688,3.106370088,100.1
23.066,12.58604324,-0.596879688,3.106370088,100.1
23.078,12.58732309,-0.563923141,3.106370088,100.1
23.091,12.58476339,-0.563923141,3.112558596,100
23.104,12.58732309,-0.596879688,3.106370088,100.1
23.116,12.58604324,-0.596879688,3.076857722,100
23.129,12.5877497,-0.596879688,3.106370088,100.1
23.142,12.5877497,-0.596879688,3.112558596,100
23.155,12.58646985,-0.563923141,3.106370088,100.1
23.167,12.58860294,-0.563923141,3.106370088,100.1
23.18,12.58860294,-0.563923141,3.106370088,100.1
23.193,12.5877497,-0.596879688,3.112558596,100
23.205,12.5877497,-0.596879688,3.106370088,100.1
23.218,12.59116264,-0.596879688,3.112558596,100
23.231,12.58604324,-0.596879688,3.106370088,100.1
23.243,12.58988279,-0.596879688,3.112558596,100
23.256,12.58646985,-0.596879688,3.206370088,100
23.269,12.58860294,-0.563923141,3.206370088,100
23.282,12.58646985,-0.563923141,3.206370088,100
23.294,12.58860294,-0.563923141,3.206370088,100
23.307,12.58519,-0.596879688,3.212558596,99.9
23.32,12.58860294,-0.596879688,3.206370088,100
23.332,12.58646985,-0.596879688,3.212558596,99.9
23.345,12.58732309,-0.596879688,3.206370088,100
23.358,12.58732309,-0.596879688,3.212558596,99.9
23.371,12.58646985,-0.596879688,3.206370088,100
23.383,12.58732309,-0.596879688,3.212558596,99.9
23.396,12.58732309,-0.596879688,3.206370088,100
23.409,12.58732309,-0.563923141,3.212558596,99.9
23.421,12.58646985,-0.563923141,3.206370088,100
23.434,12.5877497,-0.563923141,3.212558596,99.9
23.447,12.58519,-0.563923141,3.206370088,100
23.459,12.5877497,-0.596879688,3.212558596,99.9
23.472,12.58604324,-0.596879688,3.206370088,100
23.485,12.5877497,-0.563923141,3.206370088,100
23.498,12.58476339,-0.563923141,3.206370088,100
23.51,12.58604324,-0.563923141,3.206370088,100
23.523,12.58348354,-0.596879688,3.212558596,99.9
23.536,12.58476339,-0.596879688,3.206370088,100
23.548,12.58476339,-0.596879688,3.212558596,99.9
23.561,12.58476339,-0.596879688,3.206370088,100
23.574,12.58604324,-0.596879688,3.212558596,99.9
23.586,12.58604324,-0.596879688,3.206370088,100
23.599,12.5877497,-0.563923141,3.212558596,99.9
23.612,12.58646985,-0.563923141,3.206370088,100
23.625,12.58902955,-0.596879688,3.212558596,99.9
23.637,12.58519,-0.596879688,3.206370088,100
23.65,12.58860294,-0.596879688,3.212558596,99.9
23.663,12.58519,-0.596879688,3.206370088,100
23.675,12.58604324,-0.563923141,3.212558596,99.9
23.688,12.58732309,-0.563923141,3.206370088,100
23.701,12.5877497,-0.563923141,3.206370088,100
23.714,12.58519,-0.563923141,3.212558596,99.9
23.726,12.58476339,-0.563923141,3.206370088,100
23.739,12.58476339,-0.596879688,3.212558596,99.9
23.752,12.58220369,-0.596879688,3.206370088,100
23.764,12.58391015,-0.596879688,3.212558596,99.9
23.777,12.5826303,-0.596879688,3.206370088,100
23.79,12.58476339,-0.596879688,3.212558596,99.9
23.802,12.58348354,-0.563923141,3.206370088,100
23.815,12.58732309,-0.563923141,3.212558596,99.9
23.828,12.58348354,-0.563923141,3.206370088,100
23.841,12.58732309,-0.563923141,3.212558596,99.9
23.853,12.58519,-0.563923141,3.200181581,100.1
23.866,12.58646985,-0.596879688,3.212558596,99.9
23.879,12.58646985,-0.563923141,3.206370088,100
23.891,12.58519,-0.563923141,3.212558596,99.9
23.904,12.58391015,-0.563923141,3.206370088,100
23.917,12.58476339,-0.596879688,3.212558596,99.9
23.929,12.58604324,-0.596879688,3.206370088,100
23.942,12.58348354,-0.596879688,3.206370088,100
23.955,12.58604324,-0.596879688,3.206370088,100
23.968,12.5826303,-0.596879688,3.206370088,100
23.98,12.58519,-0.596879688,3.206370088,100
23.993,12.5826303,-0.596879688,3.206370088,100
24.006,12.58519,-0.596879688,3.206370088,100
24.018,12.58348354,-0.596879688,3.212558596,99.9
24.031,12.58604324,-0.596879688,3.206370088,100
24.044,12.58220369,-0.596879688,3.206370088,100
24.057,12.58519,-0.596879688,3.206370088,100
24.069,12.58476339,-0.596879688,3.206370088,100
24.082,12.58646985,-0.596879688,3.170669215,100
24.095,12.58732309,-0.596879688,3.176857722,99.9
24.107,12.58860294,-0.596879688,3.206370088,100
24.12,12.5877497,-0.563923141,3.212558596,99.9
24.133,12.58732309,-0.563923141,3.206370088,100
24.145,12.58860294,-0.563923141,3.212558596,99.9
24.158,12.5877497,-0.563923141,3.206370088,100
24.171,12.59116264,-0.563923141,3.206370088,100
24.184,12.58902955,-0.563923141,3.206370088,100
24.196,12.59201587,-0.563923141,3.212558596,99.9
24.209,12.58860294,-0.563923141,3.206370088,100
24.222,12.59073602,-0.563923141,3.212558596,99.9
24.234,12.58604324,-0.563923141,3.212558596,99.9
24.247,12.58902955,-0.563923141,3.206370088,100
24.26,12.58732309,-0.563923141,3.206370088,100
24.272,12.58646985,-0.563923141,3.206370088,100
24.285,12.58476339,-0.596879688,3.206370088,100
24.298,12.58476339,-0.596879688,3.206370088,100
24.311,12.58348354,-0.596879688,3.212558596,99.9
24.323,12.58476339,-0.596879688,3.206370088,100
24.336,12.58476339,-0.629836235,3.212558596,99.9
24.349,12.58348354,-0.596879688,3.206370088,100
24.361,12.58476339,-0.596879688,3.212558596,99.9
24.374,12.5826303,-0.596879688,3.206370088,100
24.387,12.58476339,-0.596879688,3.212558596,99.9
24.4,12.58391015,-0.596879688,3.206370088,100
24.412,12.58519,-0.596879688,3.212558596,99.9
24.425,12.5826303,-0.596879688,3.206370088,100
24.438,12.58519,-0.596879688,3.212558596,99.9
24.45,12.58220369,-0.563923141,3.206370088,100
24.463,12.58519,-0.563923141,3.206370088,100
24.476,12.58476339,-0.563923141,3.206370088,100
24.488,12.58604324,-0.530966594,3.206370088,100
24.501,12.58604324,-0.563923141,3.212558596,99.9
24.514,12.58646985,-0.563923141,3.206370088,100
24.527,12.58348354,-0.563923141,3.212558596,99.9
24.539,12.5826303,-0.563923141,3.206370088,100
24.552,12.58391015,-0.563923141,3.212558596,99.9
24.565,12.58135045,-0.563923141,3.206370088,100
24.577,12.58519,-0.563923141,3.212558596,99.9
24.59,12.58391015,-0.563923141,3.206370088,100
24.603,12.58646985,-0.563923141,3.212558596,99.9
24.615,12.58391015,-0.563923141,3.206370088,100
24.628,12.58604324,-0.596879688,3.212558596,99.9
24.641,12.5826303,-0.563923141,3.206370088,100
24.654,12.5826303,-0.563923141,3.206370088,100
24.666,12.5826303,-0.563923141,3.206370088,100
24.679,12.58092384,-0.563923141,3.206370088,100
24.692,12.58092384,-0.563923141,3.212558596,99.9
24.704,12.58092384,-0.563923141,3.206370088,100
24.717,12.58135045,-0.563923141,3.212558596,99.9
24.73,12.57921737,-0.563923141,3.206370088,100
24.743,12.58220369,-0.563923141,3.212558596,99.9
24.755,12.58092384,-0.563923141,3.206370088,100
24.768,12.58476339,-0.563923141,3.212558596,99.9
24.781,12.5826303,-0.563923141,3.200181581,100.1
24.793,12.58519,-0.596879688,3.212558596,99.9
24.806,12.58391015,-0.596879688,3.200181581,100.1
24.819,12.58604324,-0.596879688,3.212558596,99.9
24.831,12.58391015,-0.596879688,3.206370088,100
24.844,12.58519,-0.596879688,3.212558596,99.9
24.857,12.58519,-0.563923141,3.206370088,100
24.87,12.5826303,-0.563923141,3.212558596,99.9
24.882,12.58476339,-0.563923141,3.206370088,100
24.895,12.5826303,-0.563923141,3.206370088,100
24.908,12.58391015,-0.563923141,3.206370088,100
24.92,12.58135045,-0.563923141,3.206370088,100
24.933,12.58348354,-0.563923141,3.206370088,100
24.946,12.57921737,-0.563923141,3.206370088,100
24.958,12.58348354,-0.563923141,3.206370088,100
24.971,12.58007061,-0.596879688,3.206370088,100
24.984,12.58348354,-0.563923141,3.206370088,100
24.997,12.58135045,-0.596879688,3.206370088,100
25.009,12.5826303,-0.596879688,3.206370088,100
25.022,12.58220369,-0.596879688,3.206370088,100
25.035,12.58519,-0.596879688,3.206370088,100
25.047,12.5826303,-0.563923141,3.206370088,100
