Tunnel_ID,Length (m),Depth (m),Rock_Type,Water_Level,Displacement (mm),Settlement (mm),Risk_Level
T1,634,178,Mixed,Low,2.2,3.8,2
T2,390,27,Shale,Low,2.43,6.33,2
T3,870,20,Mixed,Low,4.18,9.25,3
T4,119,38,Clay,High,1.99,8.07,3
T5,545,25,Clay,Low,4.86,8.54,3
T6,759,137,Shale,Low,1.3,5.27,2
T7,957,144,Mixed,Low,2.18,9.92,3
T8,501,196,Shale,Low,3.38,5.44,3
T9,669,30,Shale,High,0.79,9.57,3
T10,301,79,Clay,Low,2.51,7.79,3
T11,486,156,Shale,High,0.64,5.66,2
T12,283,158,Shale,High,4.47,0.85,3
T13,275,103,Sandstone,High,3.52,2.92,3
T14,972,132,Shale,Low,2.53,3.48,2
T15,511,155,Shale,Low,0.7,5.47,2
T16,226,136,Clay,Medium,4.98,5.7,3
T17,912,26,Clay,High,1.1,2.85,1
T18,681,43,Shale,Low,2.47,7.78,3
T19,570,26,Sandstone,High,1.37,8.18,3
T20,645,169,Clay,Low,3.41,2.24,3
T21,540,34,Clay,Low,3.08,3.33,3
T22,298,70,Shale,Medium,2.25,5.67,2
T23,357,181,Mixed,Medium,3.98,3.64,3
T24,112,71,Clay,Low,0.68,6.45,2
T25,411,90,Sandstone,High,3.75,7.05,3
T26,712,177,Mixed,High,3.8,3.78,3
T27,153,151,Sandstone,Low,3.56,4.69,3
T28,260,122,Mixed,Medium,2.21,2.62,2
T29,420,101,Clay,High,4.58,8.76,3
T30,320,133,Shale,Low,2.33,1.67,2
T31,985,194,Shale,Low,1.25,5.21,2
T32,878,47,Clay,Low,2.45,5.36,2
T33,467,22,Shale,High,2.2,5.89,2
T34,865,57,Shale,Low,1.65,9.5,3
T35,360,144,Mixed,High,3.25,7.66,3
T36,688,101,Shale,Low,3.41,1.72,3
T37,218,172,Sandstone,High,2.62,8.74,3
T38,805,163,Mixed,High,3.98,3.37,3
T39,251,42,Sandstone,Medium,4.34,1.21,3
T40,305,132,Mixed,Low,2.55,6.77,2
T41,162,24,Shale,Medium,4.53,1.63,3
T42,172,149,Shale,Medium,4.98,6.7,3
T43,710,51,Sandstone,High,4.9,8.91,3
T44,492,30,Shale,Medium,4.08,5.85,3
T45,270,69,Sandstone,High,0.52,1.21,0
T46,687,131,Mixed,High,1.13,8.04,3
T47,759,162,Clay,Low,2.46,5.36,2
T48,687,134,Sandstone,High,4.46,5.35,3
T49,357,141,Clay,High,1.38,8.28,3
T50,375,185,Shale,Medium,1.45,9.93,3
T51,787,25,Sandstone,Medium,3.6,5.54,3
T52,105,166,Sandstone,High,1.39,3.65,1
T53,828,68,Clay,Low,4.22,6.14,3
T54,537,29,Sandstone,Low,2.41,8.28,3
T55,184,77,Sandstone,Medium,3.97,3.68,3
T56,400,72,Mixed,High,4.77,1.07,3
T57,343,186,Sandstone,Low,0.95,2.09,0
T58,605,58,Mixed,Low,4.02,0.59,3
T59,358,45,Clay,Medium,4.62,1.39,3
T60,530,118,Clay,Medium,1.09,4.04,1
T61,474,65,Shale,Medium,2.87,5.64,2
T62,576,125,Mixed,High,2.69,0.65,2
T63,603,78,Clay,High,3.93,3.86,3
T64,206,41,Mixed,High,4.24,7.96,3
T65,374,160,Clay,High,1.74,9.3,3
T66,123,122,Mixed,Medium,4.76,2.87,3
T67,900,47,Shale,High,4.3,7.65,3
T68,163,120,Sandstone,Low,2.31,7.65,3
T69,361,171,Mixed,Medium,4.27,8.93,3
T70,250,164,Clay,High,2.3,7.61,3
T71,210,135,Shale,High,3.55,6.77,3
T72,265,131,Sandstone,Medium,1.75,5.25,2
T73,600,172,Clay,High,0.85,2.42,0
T74,178,25,Clay,High,2.31,0.97,2
T75,372,194,Sandstone,Low,2.48,1.93,2
T76,376,33,Shale,High,2.92,7.04,3
T77,920,179,Clay,Low,0.33,6.06,2
T78,259,132,Mixed,Low,2.74,7.14,3
T79,908,93,Clay,High,3.69,4.34,3
T80,540,101,Sandstone,Low,3.56,5.32,3
T81,549,110,Mixed,Medium,4.71,2.44,3
T82,633,123,Sandstone,High,3.55,7.75,3
T83,554,44,Sandstone,High,1.64,1.43,1
T84,587,51,Mixed,Medium,2.19,1.35,2
T85,734,32,Shale,Medium,2.67,4.81,2
T86,870,60,Mixed,Medium,4.19,1.2,3
T87,540,112,Sandstone,Low,4.32,0.55,3
T88,283,86,Shale,Medium,3.35,9.32,3
T89,264,143,Sandstone,High,1.24,6.43,2
T90,939,85,Clay,Medium,3.27,9.64,3
T91,181,43,Shale,Medium,0.71,4.73,1
T92,880,54,Mixed,Medium,3.93,5.1,3
T93,297,69,Mixed,Medium,2.13,3.81,2
T94,295,126,Clay,Low,3.49,4.26,3
T95,636,143,Clay,High,4.88,0.88,3
T96,817,187,Mixed,High,0.15,1.92,0
T97,988,70,Shale,Low,1.66,4.76,1
T98,589,21,Clay,Low,4.86,5.01,3
T99,341,106,Clay,High,3.52,7.6,3
T100,582,44,Shale,Medium,0.81,2.78,1
T101,540,166,Shale,Low,3.91,1.15,3
T102,763,81,Sandstone,Medium,1.87,7.89,3
T103,706,167,Sandstone,Low,3.69,1.26,3
T104,112,179,Mixed,Medium,0.72,8.78,3
T105,829,139,Clay,Medium,1.05,6.83,2
T106,600,149,Mixed,High,4.8,1.79,3
T107,950,58,Mixed,Medium,3.79,4.66,3
T108,658,57,Sandstone,Medium,1.61,4.81,1
T109,345,54,Sandstone,High,1.2,9.92,3
T110,811,100,Mixed,Medium,2.23,8.8,3
T111,489,95,Clay,Low,2.32,9.71,3
T112,230,189,Mixed,Low,1.39,0.51,1
T113,693,35,Shale,Low,3.64,1.54,3
T114,912,43,Clay,Medium,2.0,2.94,1
T115,283,116,Sandstone,Low,4.82,5.61,3
T116,482,92,Clay,High,3.8,2.82,3
T117,122,161,Shale,Low,0.2,3.85,1
T118,903,69,Clay,Low,2.01,7.75,3
T119,942,185,Shale,Low,0.72,6.76,2
T120,230,108,Clay,Medium,2.3,1.3,2
T121,850,55,Sandstone,Low,4.28,6.85,3
T122,398,124,Mixed,High,1.98,0.97,1
T123,279,143,Sandstone,Low,1.74,9.25,3
T124,117,128,Mixed,Low,0.77,8.61,3
T125,998,157,Shale,Medium,3.42,8.32,3
T126,148,69,Mixed,Low,4.72,1.1,3
T127,388,94,Clay,High,4.67,2.8,3
T128,247,132,Sandstone,Low,3.72,8.18,3
T129,229,99,Mixed,Medium,4.33,5.45,3
T130,658,70,Clay,Low,4.63,1.92,3
T131,372,47,Mixed,Low,4.55,8.19,3
T132,941,43,Clay,Low,0.74,8.08,3
T133,593,122,Shale,High,2.11,8.82,3
T134,269,31,Sandstone,Medium,2.54,9.49,3
T135,584,86,Clay,Medium,3.6,8.64,3
T136,208,184,Mixed,High,1.0,8.74,3
T137,675,88,Clay,Low,1.88,5.78,2
T138,941,146,Sandstone,High,0.31,0.76,0
T139,108,91,Sandstone,Medium,1.31,1.96,1
T140,587,195,Sandstone,Medium,3.78,7.77,3
T141,589,27,Sandstone,Medium,2.59,8.63,3
T142,833,170,Sandstone,High,2.6,3.52,2
T143,499,103,Clay,High,4.43,3.88,3
T144,226,141,Sandstone,Medium,2.28,1.47,2
T145,244,172,Shale,Medium,2.46,2.74,2
T146,977,169,Clay,High,3.62,2.55,3
T147,353,59,Mixed,Medium,3.0,6.52,2
T148,595,70,Sandstone,Medium,4.42,2.07,3
T149,250,199,Mixed,High,4.29,3.77,3
T150,853,120,Sandstone,Low,1.32,0.54,1
T151,782,160,Sandstone,Medium,2.18,3.26,2
T152,647,127,Mixed,High,2.66,3.87,2
T153,187,73,Sandstone,High,3.15,3.41,3
T154,397,162,Mixed,Low,4.47,5.05,3
T155,567,69,Sandstone,High,0.79,7.3,3
T156,569,180,Clay,Low,3.38,5.68,3
T157,740,87,Shale,High,3.93,4.68,3
T158,119,98,Sandstone,Low,1.6,3.72,1
T159,596,179,Sandstone,Low,4.49,7.49,3
T160,217,88,Shale,High,4.74,4.72,3
T161,359,146,Clay,Medium,4.77,9.86,3
T162,153,139,Shale,Low,1.66,1.86,1
T163,324,113,Shale,High,4.97,6.32,3
T164,886,169,Clay,Low,2.86,6.31,2
T165,345,128,Shale,Low,2.58,3.81,2
T166,772,186,Shale,High,1.84,8.2,3
T167,358,134,Clay,Low,3.0,0.75,2
T168,285,38,Clay,High,2.61,9.16,3
T169,795,186,Sandstone,Low,2.74,8.95,3
T170,609,133,Mixed,High,1.82,5.29,2
T171,110,93,Sandstone,Medium,3.53,6.9,3
T172,402,78,Clay,Medium,2.57,0.79,2
T173,913,73,Clay,Low,3.17,2.58,3
T174,664,165,Clay,Low,4.96,4.19,3
T175,406,118,Clay,High,2.37,6.51,2
T176,405,40,Sandstone,Low,0.59,2.67,1
T177,156,68,Mixed,Low,4.27,7.81,3
T178,856,79,Clay,Low,3.42,6.77,3
T179,490,47,Sandstone,High,1.46,2.99,1
T180,869,135,Sandstone,Low,2.02,3.76,2
T181,933,83,Clay,Medium,3.31,8.12,3
T182,817,27,Shale,Low,0.34,8.89,3
T183,635,28,Mixed,Low,4.91,4.81,3
T184,740,76,Clay,Low,4.57,6.12,3
T185,250,114,Sandstone,Low,2.37,5.93,2
T186,218,64,Mixed,Low,2.72,1.9,2
T187,580,57,Mixed,Medium,0.35,0.58,0
T188,985,72,Sandstone,High,0.22,8.69,3
T189,789,173,Shale,Low,3.03,9.24,3
T190,530,101,Mixed,Medium,4.57,5.88,3
T191,377,176,Sandstone,Medium,0.71,4.08,1
T192,578,32,Sandstone,Low,4.52,4.14,3
T193,324,129,Mixed,High,1.95,1.66,1
T194,809,165,Mixed,High,1.65,4.35,1
T195,166,36,Mixed,Low,1.09,2.3,1
T196,652,157,Shale,Low,0.77,9.85,3
T197,674,45,Clay,Medium,1.33,2.09,1
T198,344,178,Sandstone,Medium,2.22,8.23,3
T199,494,37,Sandstone,Medium,4.96,4.74,3
T200,200,78,Mixed,High,1.7,3.74,1
T201,306,106,Sandstone,High,0.44,4.99,1
T202,646,71,Mixed,High,0.19,5.06,2
T203,759,115,Shale,Low,3.85,6.6,3
T204,985,21,Clay,Low,1.42,3.82,1
T205,575,151,Mixed,High,3.88,6.86,3
T206,397,149,Clay,Low,3.79,5.29,3
T207,956,177,Clay,Low,1.36,8.35,3
T208,160,73,Mixed,High,1.65,0.63,1
T209,906,94,Sandstone,High,4.1,2.96,3
T210,884,39,Clay,High,0.59,7.29,3
T211,775,34,Clay,Low,4.98,7.26,3
T212,962,175,Mixed,Low,4.55,3.25,3
T213,104,185,Shale,Low,0.94,3.76,1
T214,619,170,Mixed,Low,4.5,4.64,3
T215,303,103,Sandstone,Medium,4.5,4.6,3
T216,184,108,Clay,Low,2.04,3.36,2
T217,116,53,Mixed,High,4.14,7.8,3
T218,746,104,Sandstone,Low,0.89,6.96,2
T219,106,20,Clay,Low,0.27,8.45,3
T220,907,51,Clay,Low,1.25,4.07,1
T221,593,140,Shale,Medium,1.35,9.84,3
T222,843,106,Sandstone,High,4.01,7.16,3
T223,653,136,Sandstone,High,4.44,5.3,3
T224,883,126,Mixed,Medium,4.07,1.95,3
T225,366,136,Mixed,Low,3.24,4.17,3
T226,797,186,Sandstone,High,0.21,7.51,3
T227,904,102,Sandstone,Low,0.67,3.22,1
T228,830,113,Clay,Low,0.23,0.92,0
T229,217,81,Mixed,Low,4.75,7.9,3
T230,667,55,Mixed,High,2.81,6.06,2
T231,850,188,Mixed,Low,1.11,6.43,2
T232,586,137,Clay,High,4.77,4.47,3
T233,969,64,Sandstone,Low,3.41,4.01,3
T234,302,24,Sandstone,Medium,4.96,2.91,3
T235,145,151,Sandstone,Medium,2.41,5.97,2
T236,826,55,Shale,Low,3.43,1.23,3
T237,135,113,Clay,High,3.9,8.19,3
T238,535,199,Sandstone,Medium,2.37,2.77,2
T239,442,50,Shale,High,3.13,7.22,3
T240,114,21,Shale,Low,0.18,6.26,2
T241,388,44,Mixed,Medium,2.15,5.56,2
T242,953,195,Clay,High,4.68,9.84,3
T243,807,80,Shale,Low,0.21,8.4,3
T244,107,51,Sandstone,Medium,2.87,1.52,2
T245,620,39,Clay,Medium,3.77,0.96,3
T246,293,78,Shale,Low,0.28,7.74,3
T247,577,31,Sandstone,Low,1.94,6.54,2
T248,292,26,Clay,Medium,4.79,6.46,3
T249,108,110,Shale,Medium,2.34,1.57,2
T250,165,174,Shale,High,4.85,3.96,3
T251,507,149,Sandstone,Medium,2.99,1.26,2
T252,677,51,Clay,Medium,4.1,3.52,3
T253,373,141,Shale,High,3.53,0.66,3
T254,329,56,Clay,Low,4.06,1.38,3
T255,667,153,Shale,Medium,2.86,3.89,2
T256,973,64,Shale,High,0.47,3.75,1
T257,504,94,Shale,Medium,1.36,7.9,3
T258,565,95,Mixed,Low,3.88,7.92,3
T259,913,42,Shale,Medium,2.79,3.2,2
T260,359,59,Clay,Medium,1.23,9.97,3
T261,428,138,Clay,Low,1.83,4.89,1
T262,404,148,Clay,Low,4.47,3.82,3
T263,356,45,Shale,Low,0.78,8.91,3
T264,101,178,Sandstone,Medium,1.02,1.4,1
T265,726,120,Mixed,High,3.55,0.6,3
T266,469,160,Clay,Medium,2.75,5.28,2
T267,868,118,Shale,Medium,2.69,7.96,3
T268,968,151,Clay,High,2.86,3.41,2
T269,589,176,Shale,Low,1.26,6.94,2
T270,757,74,Mixed,High,2.78,1.26,2
T271,135,141,Mixed,Medium,0.77,2.68,1
T272,547,70,Shale,Medium,2.71,7.12,3
T273,205,153,Shale,Low,4.07,6.74,3
T274,519,84,Clay,Low,3.95,4.55,3
T275,605,64,Mixed,Low,1.62,6.11,2
T276,396,51,Shale,Medium,2.63,4.57,2
T277,558,149,Shale,High,3.98,5.94,3
T278,246,178,Clay,Low,4.2,5.18,3
T279,599,49,Sandstone,Medium,3.66,3.73,3
T280,438,157,Shale,Low,3.57,5.12,3
T281,292,46,Shale,Low,1.79,7.15,3
T282,118,87,Shale,Medium,2.44,9.95,3
T283,580,182,Shale,Medium,2.87,5.58,2
T284,792,156,Mixed,Medium,1.27,7.17,3
T285,641,58,Clay,Medium,2.01,9.8,3
T286,413,65,Clay,Low,3.57,3.76,3
T287,241,25,Shale,Low,4.55,2.15,3
T288,554,102,Mixed,Medium,1.27,3.68,1
T289,780,194,Mixed,Low,4.31,4.95,3
T290,553,92,Sandstone,Medium,4.38,1.48,3
T291,310,47,Clay,High,3.66,8.63,3
T292,629,159,Sandstone,High,3.38,9.43,3
T293,885,172,Clay,Low,4.24,2.15,3
T294,822,120,Clay,Low,2.06,4.48,2
T295,956,43,Mixed,High,1.06,2.21,1
T296,733,178,Sandstone,Low,0.64,3.89,1
T297,426,97,Mixed,Medium,3.36,9.42,3
T298,961,183,Shale,Low,2.47,8.57,3
T299,375,93,Clay,Low,2.67,6.21,2
T300,157,169,Mixed,High,4.58,9.04,3
T301,862,25,Shale,High,4.18,8.1,3
T302,517,120,Mixed,High,2.39,2.15,2
T303,698,139,Mixed,Low,0.86,3.89,1
T304,904,96,Shale,Low,4.02,6.33,3
T305,883,78,Sandstone,Low,3.46,8.93,3
T306,408,49,Clay,Medium,2.11,0.5,2
T307,695,192,Clay,Low,2.24,1.09,2
T308,614,111,Clay,High,0.24,4.93,1
T309,722,174,Mixed,High,2.88,6.2,2
T310,504,197,Clay,Medium,1.9,4.94,1
T311,206,70,Shale,Medium,1.75,5.33,2
T312,974,124,Shale,Low,3.47,2.81,3
T313,465,69,Sandstone,Medium,1.13,2.4,1
T314,797,89,Sandstone,High,3.03,6.79,3
T315,149,185,Sandstone,High,3.5,5.7,3
T316,196,88,Sandstone,High,2.71,1.44,2
T317,898,142,Shale,Medium,1.56,3.57,1
T318,387,31,Sandstone,Low,3.86,2.71,3
T319,312,82,Clay,Low,4.32,8.44,3
T320,396,28,Shale,Low,3.39,4.56,3
T321,791,28,Clay,Medium,2.49,1.37,2
T322,478,65,Mixed,High,1.04,6.04,2
T323,715,94,Clay,Low,2.39,2.56,2
T324,653,39,Clay,High,3.53,2.79,3
T325,109,83,Mixed,Low,1.16,5.11,2
T326,608,112,Shale,Medium,1.22,7.59,3
T327,537,72,Mixed,Medium,1.71,1.58,1
T328,843,182,Mixed,Medium,4.75,8.34,3
T329,174,35,Clay,Medium,4.0,1.53,3
T330,800,187,Shale,Medium,2.72,5.61,2
T331,585,129,Sandstone,Low,0.34,1.23,0
T332,580,52,Mixed,High,2.19,6.31,2
T333,594,37,Shale,Low,1.09,3.35,1
T334,418,170,Shale,Medium,1.09,9.01,3
T335,620,190,Mixed,Low,1.12,0.66,1
T336,697,72,Shale,High,0.68,6.72,2
T337,147,170,Clay,High,3.87,3.65,3
T338,970,52,Clay,Low,2.8,7.96,3
T339,103,198,Shale,Low,1.42,4.52,1
T340,867,199,Shale,High,2.13,0.55,2
T341,579,160,Sandstone,Medium,3.33,9.01,3
T342,746,75,Shale,Low,1.77,7.52,3
T343,378,61,Sandstone,High,0.5,7.18,3
T344,106,158,Clay,High,3.86,7.19,3
T345,590,198,Clay,Medium,4.36,9.56,3
T346,332,61,Clay,Medium,0.57,0.76,0
T347,220,134,Mixed,Low,0.14,0.89,0
T348,777,177,Sandstone,High,0.78,2.65,1
T349,611,122,Shale,Medium,3.4,9.66,3
T350,464,160,Sandstone,High,2.67,0.64,2
T351,784,22,Sandstone,Low,1.28,5.46,2
T352,731,58,Shale,Low,0.63,1.16,0
T353,413,79,Sandstone,Medium,2.73,3.74,2
T354,715,48,Mixed,Low,0.74,7.17,3
T355,312,175,Clay,High,4.73,2.76,3
T356,837,175,Sandstone,Medium,4.95,7.2,3
T357,682,199,Mixed,High,3.85,9.14,3
T358,322,172,Sandstone,Medium,1.6,0.67,1
T359,467,109,Sandstone,Medium,3.58,4.15,3
T360,232,163,Mixed,Medium,0.29,0.59,0
T361,293,186,Clay,Low,0.34,9.53,3
T362,824,21,Clay,Low,1.44,9.44,3
T363,508,38,Clay,Low,0.22,8.18,3
T364,307,102,Sandstone,Medium,1.89,9.17,3
T365,583,52,Clay,Low,4.63,8.08,3
T366,590,125,Shale,Low,4.3,1.57,3
T367,963,159,Clay,Low,0.75,3.99,1
T368,717,44,Mixed,High,0.58,8.68,3
T369,221,82,Clay,High,4.66,8.61,3
T370,376,88,Mixed,Medium,3.09,5.51,3
T371,969,130,Sandstone,High,0.47,9.81,3
T372,426,190,Shale,High,0.89,8.97,3
T373,470,141,Clay,High,0.64,2.13,0
T374,462,48,Clay,Medium,1.91,0.62,1
T375,651,195,Clay,High,2.19,9.0,3
T376,281,135,Shale,High,4.55,7.37,3
T377,654,142,Clay,High,3.5,4.98,3
T378,230,171,Mixed,Low,2.6,3.12,2
T379,673,148,Mixed,Medium,0.19,4.95,1
T380,882,160,Shale,Medium,0.15,4.0,1
T381,119,148,Clay,Medium,0.55,3.16,1
T382,755,31,Sandstone,High,2.26,4.65,2
T383,472,20,Clay,High,3.14,3.72,3
T384,441,195,Mixed,Low,3.48,9.29,3
T385,433,77,Mixed,High,4.84,7.8,3
T386,549,55,Shale,Medium,4.09,1.36,3
T387,744,103,Mixed,Medium,4.85,1.2,3
T388,468,166,Mixed,High,3.75,7.41,3
T389,253,145,Shale,Medium,4.45,9.75,3
T390,365,199,Mixed,Low,2.8,7.92,3
T391,314,135,Mixed,High,4.91,9.47,3
T392,659,92,Clay,High,0.54,5.66,2
T393,562,67,Sandstone,Low,0.61,2.06,0
T394,652,104,Shale,High,4.93,2.75,3
T395,633,188,Mixed,Low,0.26,2.61,1
T396,633,161,Shale,High,3.78,7.7,3
T397,825,38,Mixed,High,0.72,3.85,1
T398,500,143,Sandstone,Medium,4.96,6.67,3
T399,782,69,Sandstone,Low,1.69,4.71,1
T400,210,92,Clay,Medium,1.12,2.99,1
T401,710,187,Sandstone,High,1.74,8.41,3
T402,309,29,Mixed,High,4.48,8.37,3
T403,716,39,Sandstone,High,0.99,5.73,2
T404,952,172,Mixed,High,3.89,2.18,3
T405,491,62,Sandstone,High,1.42,1.34,1
T406,749,20,Sandstone,High,4.47,6.83,3
T407,365,107,Shale,Medium,1.03,2.02,1
T408,153,188,Shale,High,2.45,7.69,3
T409,664,36,Mixed,High,3.25,6.33,3
T410,504,109,Sandstone,Medium,2.58,6.55,2
T411,784,128,Mixed,Medium,2.92,8.13,3
T412,865,122,Clay,High,3.93,7.18,3
T413,414,174,Clay,Medium,2.93,4.19,2
T414,255,105,Shale,Low,2.17,0.76,2
T415,815,86,Mixed,High,0.56,9.98,3
T416,660,64,Clay,Medium,2.17,1.84,2
T417,151,91,Clay,Low,2.43,5.5,2
T418,248,183,Mixed,Low,1.69,4.24,1
T419,208,199,Mixed,High,3.04,0.71,3
T420,349,91,Clay,Medium,3.38,1.47,3
T421,921,87,Sandstone,High,4.16,1.97,3
T422,262,154,Mixed,High,2.68,6.65,2
T423,759,83,Clay,High,4.98,6.2,3
T424,516,65,Shale,Low,4.42,9.67,3
T425,788,152,Shale,Medium,2.43,6.04,2
T426,691,186,Shale,High,0.86,3.04,1
T427,671,171,Sandstone,Medium,2.6,8.03,3
T428,658,153,Sandstone,High,2.61,3.91,2
T429,327,82,Mixed,High,2.57,3.94,2
T430,359,22,Mixed,Medium,1.02,1.47,1
T431,284,66,Clay,Medium,3.61,3.24,3
T432,735,36,Mixed,Medium,4.61,7.1,3
T433,420,131,Clay,Low,0.96,3.14,1
T434,165,158,Shale,Low,3.47,9.21,3
T435,688,76,Shale,Medium,0.33,3.97,1
T436,223,192,Shale,Medium,2.63,3.81,2
T437,947,158,Shale,High,3.1,7.61,3
T438,613,24,Clay,Medium,0.26,0.8,0
T439,813,35,Mixed,High,1.08,1.54,1
T440,464,89,Sandstone,Low,4.07,9.87,3
T441,620,56,Mixed,Low,3.87,3.74,3
T442,703,144,Sandstone,High,4.67,6.54,3
T443,746,101,Mixed,High,3.2,9.17,3
T444,761,95,Sandstone,Low,2.14,4.97,2
T445,615,173,Shale,High,1.7,9.05,3
T446,782,58,Shale,High,4.01,0.68,3
T447,954,29,Clay,Medium,1.39,9.66,3
T448,885,62,Sandstone,Medium,3.66,7.21,3
T449,432,164,Clay,High,1.95,6.48,2
T450,130,68,Shale,Medium,2.04,8.61,3
T451,925,46,Sandstone,High,4.85,1.34,3
T452,418,159,Sandstone,High,3.22,4.85,3
T453,448,65,Shale,Medium,1.54,6.07,2
T454,573,173,Sandstone,Low,3.45,0.56,3
T455,278,99,Clay,Medium,1.15,2.72,1
T456,878,183,Sandstone,High,1.83,9.79,3
T457,192,75,Shale,Medium,4.71,3.57,3
T458,448,171,Mixed,Medium,1.21,1.87,1
T459,312,45,Shale,Low,1.91,7.12,3
T460,850,22,Sandstone,Low,2.49,8.94,3
T461,648,31,Sandstone,Medium,2.36,9.72,3
T462,121,145,Sandstone,Medium,3.83,0.88,3
T463,191,86,Shale,High,2.58,1.67,2
T464,969,106,Clay,Low,1.7,7.32,3
T465,184,117,Shale,Medium,3.69,4.52,3
T466,474,29,Sandstone,Medium,0.29,9.17,3
T467,307,164,Clay,Low,0.77,4.65,1
T468,978,102,Shale,Low,4.59,3.46,3
T469,287,99,Mixed,Low,3.14,9.06,3
T470,971,45,Shale,Medium,1.48,3.19,1
T471,168,119,Shale,Low,0.91,8.47,3
T472,310,41,Sandstone,Low,1.18,8.99,3
T473,914,60,Clay,Medium,3.16,3.46,3
T474,868,189,Clay,Medium,1.67,6.76,2
T475,706,111,Clay,Low,0.2,6.62,2
T476,270,145,Clay,Low,1.2,5.8,2
T477,620,192,Mixed,Medium,1.09,5.53,2
T478,239,25,Clay,Medium,3.44,7.52,3
T479,719,33,Mixed,High,4.8,3.35,3
T480,145,124,Mixed,High,3.29,8.34,3
T481,758,24,Sandstone,Medium,2.04,8.97,3
T482,932,48,Shale,High,2.05,9.65,3
T483,503,69,Sandstone,Medium,1.04,6.06,2
T484,244,126,Shale,Medium,2.79,1.22,2
T485,570,72,Clay,Medium,0.3,8.5,3
T486,476,34,Shale,Low,0.96,4.11,1
T487,389,147,Sandstone,Low,1.32,1.39,1
T488,768,195,Shale,High,4.79,9.57,3
T489,196,61,Shale,Low,2.09,4.83,2
T490,829,174,Shale,High,0.23,1.45,0
T491,948,71,Shale,Medium,4.36,1.59,3
T492,788,192,Sandstone,High,2.54,1.15,2
T493,795,173,Sandstone,Medium,0.42,5.19,2
T494,748,125,Sandstone,Low,1.14,4.41,1
T495,975,72,Clay,Medium,3.58,8.65,3
T496,792,168,Shale,Medium,0.96,3.8,1
T497,927,74,Sandstone,High,0.81,7.22,3
T498,953,97,Sandstone,Medium,3.19,3.91,3
T499,768,127,Sandstone,Low,1.52,3.76,1
T500,424,97,Mixed,Medium,2.23,0.66,2
T501,889,144,Clay,High,4.33,5.92,3
T502,745,145,Shale,High,0.16,3.85,1
T503,376,108,Shale,High,0.39,2.24,0
T504,150,193,Sandstone,High,3.2,5.41,3
T505,648,131,Mixed,High,0.54,7.8,3
T506,903,153,Clay,High,2.86,8.3,3
T507,678,110,Clay,Medium,4.28,2.77,3
T508,893,168,Mixed,Low,1.29,9.01,3
T509,262,120,Clay,High,4.43,6.17,3
T510,989,119,Clay,Medium,2.69,4.69,2
T511,675,175,Clay,Medium,4.69,4.28,3
T512,463,166,Clay,High,2.84,7.25,3
T513,990,36,Shale,Medium,4.68,3.15,3
T514,514,168,Sandstone,Medium,2.55,6.06,2
T515,581,63,Shale,High,2.55,7.78,3
T516,300,167,Sandstone,Medium,2.76,8.91,3
T517,734,74,Mixed,Medium,1.78,9.69,3
T518,690,61,Mixed,Medium,3.18,1.21,3
T519,855,123,Mixed,Low,2.15,5.96,2
T520,886,58,Mixed,Medium,0.62,9.33,3
T521,803,199,Shale,High,1.48,1.25,1
T522,177,142,Shale,Medium,4.34,1.25,3
T523,446,82,Shale,High,3.53,8.95,3
T524,120,44,Mixed,Low,3.47,7.27,3
T525,772,22,Mixed,High,4.32,7.56,3
T526,330,65,Mixed,Medium,0.48,5.61,2
T527,345,118,Shale,High,2.65,7.08,3
T528,211,107,Clay,Low,1.29,7.46,3
T529,974,116,Mixed,High,3.59,1.62,3
T530,196,57,Shale,Medium,0.24,0.67,0
T531,500,143,Sandstone,High,2.63,6.71,2
T532,872,114,Sandstone,High,1.7,1.46,1
T533,331,76,Sandstone,High,2.49,8.04,3
T534,363,120,Shale,High,1.4,1.25,1
T535,801,44,Clay,High,3.87,1.63,3
T536,459,161,Sandstone,Low,2.1,9.54,3
T537,511,117,Shale,Low,3.43,9.94,3
T538,627,173,Sandstone,High,3.89,8.74,3
T539,779,199,Shale,High,2.63,4.95,2
T540,900,183,Mixed,Low,4.14,5.7,3
T541,879,111,Clay,Low,2.76,1.65,2
T542,319,68,Clay,Medium,3.01,0.52,3
T543,170,52,Shale,Medium,0.54,8.82,3
T544,349,180,Mixed,Low,0.59,5.3,2
T545,910,125,Shale,Medium,4.62,2.24,3
T546,841,123,Mixed,High,2.85,2.33,2
T547,703,172,Shale,Medium,1.46,4.23,1
T548,482,183,Shale,Medium,4.03,5.89,3
T549,708,199,Mixed,High,1.8,2.43,1
T550,363,106,Sandstone,High,1.7,2.49,1
T551,620,72,Shale,Low,4.55,5.58,3
T552,486,104,Mixed,Medium,2.37,6.85,2
T553,661,171,Clay,Medium,1.54,7.5,3
T554,906,28,Sandstone,Medium,2.68,8.59,3
T555,719,34,Shale,Low,3.46,3.13,3
T556,772,187,Clay,High,4.98,0.91,3
T557,154,85,Mixed,Low,0.88,1.08,0
T558,769,183,Clay,High,2.44,4.71,2
T559,398,21,Mixed,Medium,0.73,9.65,3
T560,264,145,Clay,Low,0.39,7.55,3
T561,177,109,Clay,Low,3.61,4.81,3
T562,353,33,Sandstone,Low,4.59,9.74,3
T563,428,109,Shale,High,1.06,9.65,3
T564,543,32,Sandstone,High,2.34,7.92,3
T565,123,101,Shale,Low,3.96,6.51,3
T566,534,104,Shale,Medium,3.58,6.76,3
T567,926,53,Clay,Medium,0.37,7.43,3
T568,189,193,Mixed,Low,0.43,3.82,1
T569,311,87,Shale,Low,0.17,3.5,1
T570,832,140,Clay,High,0.86,4.63,1
T571,386,172,Mixed,Medium,4.28,6.54,3
T572,193,95,Sandstone,Medium,1.69,6.04,2
T573,733,129,Clay,Medium,1.14,2.77,1
T574,559,20,Shale,Medium,4.61,5.26,3
T575,882,172,Clay,Low,4.59,4.85,3
T576,590,54,Sandstone,Low,3.16,3.21,3
T577,880,36,Shale,Low,1.05,1.11,1
T578,708,20,Clay,High,3.05,5.65,3
T579,304,26,Clay,Low,3.71,8.92,3
T580,716,198,Clay,Medium,3.12,6.45,3
T581,980,193,Mixed,Low,2.82,2.77,2
T582,854,114,Sandstone,Medium,4.98,2.93,3
T583,599,128,Clay,Low,3.11,3.74,3
T584,363,185,Clay,Medium,0.38,6.23,2
T585,197,112,Shale,Low,0.41,3.4,1
T586,630,89,Clay,Medium,0.8,6.1,2
T587,527,37,Sandstone,Low,4.12,4.2,3
T588,840,57,Mixed,Medium,2.8,1.29,2
T589,427,97,Clay,Medium,3.85,1.63,3
T590,268,50,Mixed,High,1.53,7.53,3
T591,696,85,Shale,High,0.62,6.59,2
T592,592,167,Sandstone,Low,0.36,5.59,2
T593,888,104,Mixed,Low,4.58,4.8,3
T594,427,189,Mixed,Medium,4.86,5.35,3
T595,242,142,Sandstone,Low,4.31,8.27,3
T596,977,109,Clay,Low,0.13,0.62,0
T597,461,98,Shale,High,2.22,3.51,2
T598,599,46,Shale,Medium,0.76,8.18,3
T599,748,42,Shale,Low,4.14,3.46,3
T600,335,116,Shale,High,3.33,4.81,3
T601,466,106,Sandstone,Medium,3.93,4.91,3
T602,855,199,Sandstone,High,3.22,7.62,3
T603,293,139,Clay,High,1.26,4.61,1
T604,686,147,Clay,Low,2.06,7.03,3
T605,216,42,Sandstone,High,2.1,0.75,2
T606,756,183,Shale,Low,4.18,8.32,3
T607,295,142,Sandstone,Low,4.79,9.45,3
T608,753,81,Clay,Low,3.73,4.02,3
T609,263,136,Sandstone,High,3.03,4.1,3
T610,522,171,Clay,Medium,0.75,5.17,2
T611,696,70,Sandstone,High,2.64,8.53,3
T612,690,135,Mixed,Medium,0.35,3.15,1
T613,513,81,Sandstone,Low,2.17,4.54,2
T614,403,181,Shale,Medium,1.07,2.96,1
T615,440,30,Shale,Medium,1.5,8.42,3
T616,144,33,Mixed,Medium,2.9,9.0,3
T617,349,138,Clay,High,2.57,5.94,2
T618,759,125,Sandstone,Low,3.97,6.82,3
T619,121,140,Clay,High,2.76,4.64,2
T620,480,182,Shale,High,2.31,8.32,3
T621,999,142,Mixed,High,3.99,5.4,3
T622,550,153,Mixed,Medium,3.41,8.78,3
T623,374,191,Mixed,Medium,1.26,6.63,2
T624,576,85,Clay,Medium,2.66,3.0,2
T625,152,115,Mixed,Medium,1.13,5.05,2
T626,147,51,Clay,Low,2.17,0.65,2
T627,704,36,Mixed,Medium,0.37,6.46,2
T628,480,199,Mixed,Low,4.4,3.19,3
T629,774,157,Sandstone,High,1.86,7.22,3
T630,117,76,Clay,High,2.19,4.84,2
T631,686,73,Shale,High,3.51,6.85,3
T632,695,78,Mixed,High,3.69,3.13,3
T633,480,57,Clay,High,2.07,5.15,2
T634,230,90,Sandstone,Low,4.78,5.6,3
T635,632,168,Clay,Medium,0.85,2.09,0
T636,678,151,Shale,Low,0.52,4.95,1
T637,100,115,Mixed,Medium,3.05,4.18,3
T638,204,63,Shale,Low,0.48,5.87,2
T639,737,195,Clay,Low,1.92,8.39,3
T640,168,52,Shale,Low,3.04,1.38,3
T641,896,35,Sandstone,Medium,3.62,4.83,3
T642,476,59,Sandstone,Medium,2.51,5.82,2
T643,985,197,Shale,Medium,4.05,2.23,3
T644,996,133,Shale,Low,0.35,5.66,2
T645,618,21,Sandstone,High,2.29,8.15,3
T646,184,110,Clay,Low,0.12,1.91,0
T647,720,140,Sandstone,High,4.76,6.22,3
T648,354,156,Mixed,High,0.24,2.76,1
T649,571,161,Shale,Low,2.63,9.02,3
T650,485,121,Mixed,Low,4.56,0.53,3
T651,847,199,Clay,Medium,2.68,3.35,2
T652,140,84,Sandstone,High,0.46,8.42,3
T653,430,22,Sandstone,Medium,4.55,0.73,3
T654,842,20,Clay,High,1.24,3.51,1
T655,860,78,Clay,High,0.23,8.78,3
T656,390,195,Clay,Medium,2.87,5.32,2
T657,959,111,Clay,Medium,3.31,3.21,3
T658,289,109,Shale,Low,3.42,4.08,3
T659,231,20,Shale,High,1.92,4.28,1
T660,653,163,Shale,Low,3.59,1.45,3
T661,565,44,Sandstone,High,4.67,3.69,3
T662,426,174,Clay,Low,2.47,9.15,3
T663,919,176,Sandstone,Medium,4.75,9.06,3
T664,677,93,Shale,Medium,3.08,8.57,3
T665,896,36,Clay,Low,4.35,5.46,3
T666,103,55,Sandstone,High,1.49,2.46,1
T667,873,151,Sandstone,Medium,3.32,1.03,3
T668,376,48,Sandstone,Medium,2.87,0.81,2
T669,273,179,Shale,High,4.02,2.3,3
T670,311,57,Clay,High,1.21,9.66,3
T671,416,26,Clay,Low,3.19,4.84,3
T672,466,125,Mixed,Low,2.13,6.76,2
T673,732,63,Clay,High,3.05,2.34,3
T674,384,22,Clay,Medium,4.02,7.34,3
T675,291,119,Sandstone,Medium,3.52,6.38,3
T676,247,43,Shale,High,1.86,4.98,1
T677,752,198,Clay,Low,4.29,4.24,3
T678,927,28,Sandstone,Medium,4.03,5.52,3
T679,716,52,Shale,Medium,0.15,4.47,1
T680,760,166,Mixed,Low,4.6,5.59,3
T681,701,102,Shale,High,1.01,7.87,3
T682,888,42,Sandstone,Low,3.41,5.39,3
T683,603,167,Mixed,Low,4.61,1.52,3
T684,746,191,Clay,Low,2.0,2.04,1
T685,404,83,Clay,Medium,0.53,3.54,1
T686,475,84,Mixed,Low,0.53,1.92,0
T687,647,59,Mixed,High,3.15,9.19,3
T688,514,184,Mixed,Medium,2.42,5.46,2
T689,539,123,Sandstone,Medium,4.86,1.71,3
T690,773,118,Clay,High,2.63,0.79,2
T691,282,99,Mixed,Medium,1.54,3.72,1
T692,613,182,Shale,High,4.37,6.11,3
T693,388,71,Sandstone,Low,4.34,3.1,3
T694,642,58,Mixed,High,2.44,4.44,2
T695,996,62,Clay,High,3.17,2.06,3
T696,504,136,Mixed,High,2.27,6.82,2
T697,586,92,Clay,Low,4.76,7.61,3
T698,296,43,Mixed,High,1.36,6.35,2
T699,344,155,Clay,Low,4.38,4.65,3
T700,215,40,Sandstone,Medium,4.91,6.78,3
T701,644,193,Mixed,Medium,0.57,7.75,3
T702,548,123,Clay,High,3.73,1.12,3
T703,544,138,Sandstone,High,1.1,3.68,1
T704,821,148,Sandstone,High,3.35,2.27,3
T705,231,104,Sandstone,Medium,4.4,7.56,3
T706,487,85,Mixed,Medium,2.65,6.47,2
T707,719,124,Shale,Medium,0.33,4.35,1
T708,404,77,Sandstone,Low,2.58,2.31,2
T709,546,75,Clay,Low,3.19,7.01,3
T710,268,161,Sandstone,Medium,1.28,3.2,1
T711,608,188,Clay,Medium,1.4,1.6,1
T712,541,49,Sandstone,High,3.84,4.76,3
T713,793,154,Clay,Medium,2.7,1.46,2
T714,413,177,Sandstone,Medium,4.5,0.62,3
T715,904,55,Clay,High,2.52,9.08,3
T716,426,147,Mixed,Medium,4.12,5.97,3
T717,652,93,Clay,Medium,3.52,8.89,3
T718,524,172,Sandstone,Low,1.3,5.35,2
T719,466,196,Shale,Medium,0.47,8.12,3
T720,928,194,Shale,High,3.46,2.86,3
T721,334,163,Clay,Low,4.42,5.52,3
T722,861,180,Sandstone,Medium,2.7,6.37,2
T723,373,84,Clay,Medium,1.88,6.82,2
T724,743,115,Clay,High,3.28,0.92,3
T725,267,169,Sandstone,High,4.64,4.02,3
T726,268,34,Mixed,Medium,0.26,8.08,3
T727,331,123,Mixed,High,1.75,0.74,1
T728,937,62,Sandstone,Low,4.23,2.49,3
T729,759,25,Shale,Medium,0.95,3.21,1
T730,684,59,Clay,High,3.86,3.56,3
T731,481,49,Mixed,Low,2.96,8.0,3
T732,798,194,Shale,High,4.21,4.24,3
T733,246,134,Shale,Medium,2.3,6.69,2
T734,553,79,Mixed,High,3.5,0.71,3
T735,948,60,Sandstone,High,1.39,7.67,3
T736,996,159,Sandstone,High,2.58,2.06,2
T737,391,196,Clay,Medium,3.78,2.17,3
T738,788,102,Mixed,Low,3.38,4.24,3
T739,928,38,Sandstone,Medium,4.06,6.57,3
T740,235,20,Clay,Low,1.73,5.97,2
T741,879,105,Clay,High,4.3,3.07,3
T742,188,58,Mixed,High,2.05,9.55,3
T743,941,25,Mixed,High,3.5,3.37,3
T744,335,50,Shale,High,0.86,7.85,3
T745,430,27,Mixed,High,4.41,9.35,3
T746,561,96,Mixed,High,0.84,8.03,3
T747,919,179,Sandstone,High,0.25,8.34,3
T748,271,169,Clay,Low,4.31,1.08,3
T749,454,142,Mixed,Low,2.7,4.42,2
T750,118,40,Mixed,Medium,1.51,0.77,1
T751,725,79,Sandstone,Low,1.26,2.73,1
T752,387,155,Mixed,High,2.8,8.93,3
T753,258,59,Clay,Medium,0.1,1.37,0
T754,221,160,Shale,High,1.24,1.44,1
T755,312,144,Shale,Medium,2.74,9.82,3
T756,107,166,Sandstone,High,4.97,2.59,3
T757,606,49,Mixed,Medium,0.81,4.29,1
T758,351,65,Sandstone,High,3.72,3.13,3
T759,711,196,Shale,Low,2.38,8.28,3
T760,193,24,Mixed,Medium,3.87,4.0,3
T761,691,180,Mixed,High,0.12,1.89,0
T762,941,182,Clay,Medium,4.73,1.94,3
T763,983,162,Mixed,Low,1.29,8.78,3
T764,602,175,Shale,Low,3.49,7.51,3
T765,979,35,Shale,Low,4.43,3.79,3
T766,337,119,Shale,Medium,1.41,1.51,1
T767,600,175,Mixed,Medium,3.77,4.35,3
T768,328,29,Shale,Low,2.04,3.02,2
T769,494,138,Clay,Low,3.96,5.69,3
T770,940,28,Shale,Low,1.53,2.08,1
T771,417,196,Shale,Medium,2.47,2.99,2
T772,511,53,Sandstone,Medium,1.25,5.4,2
T773,143,165,Sandstone,Medium,3.87,1.77,3
T774,214,163,Mixed,Low,2.73,2.43,2
T775,824,143,Shale,Low,2.03,6.5,2
T776,303,133,Clay,High,4.36,9.93,3
T777,389,37,Shale,Medium,1.81,8.52,3
T778,960,185,Clay,High,3.35,0.75,3
T779,975,55,Sandstone,Low,3.33,6.12,3
T780,177,167,Mixed,High,1.93,4.07,1
T781,382,197,Mixed,Low,0.7,9.57,3
T782,647,134,Shale,Low,4.26,7.11,3
T783,399,38,Mixed,Medium,2.98,9.93,3
T784,878,87,Mixed,Low,4.51,0.63,3
T785,325,110,Shale,Medium,2.83,0.99,2
T786,298,96,Sandstone,Medium,1.9,2.19,1
T787,766,122,Clay,Medium,4.47,8.79,3
T788,454,82,Mixed,High,4.44,2.28,3
T789,388,146,Clay,Low,1.6,6.43,2
T790,752,69,Shale,Medium,4.79,9.61,3
T791,914,54,Sandstone,Low,4.97,1.49,3
T792,386,88,Mixed,Medium,0.45,1.18,0
T793,123,157,Shale,Medium,2.1,9.92,3
T794,940,126,Shale,Low,1.1,5.83,2
T795,425,105,Sandstone,Medium,4.4,9.16,3
T796,941,82,Shale,High,4.94,4.58,3
T797,674,136,Shale,High,4.61,9.29,3
T798,867,111,Sandstone,High,1.48,2.55,1
T799,970,91,Clay,Low,1.12,1.89,1
T800,324,108,Mixed,High,1.67,7.37,3
T801,550,125,Shale,High,3.69,3.72,3
T802,411,188,Clay,Medium,3.68,6.91,3
T803,582,171,Sandstone,High,3.86,4.65,3
T804,718,175,Sandstone,High,4.61,1.8,3
T805,949,68,Sandstone,High,1.27,1.51,1
T806,492,89,Mixed,High,2.23,1.99,2
T807,770,41,Clay,Medium,3.45,6.63,3
T808,418,36,Sandstone,High,3.54,2.55,3
T809,998,130,Sandstone,Medium,4.3,5.95,3
T810,292,30,Sandstone,Low,2.2,6.89,2
T811,441,170,Clay,Low,3.57,0.64,3
T812,889,66,Sandstone,Medium,1.07,9.8,3
T813,272,29,Shale,Medium,4.04,7.11,3
T814,936,90,Sandstone,High,2.94,9.06,3
T815,821,109,Clay,Low,1.59,0.55,1
T816,983,86,Clay,Medium,1.69,5.2,2
T817,338,35,Sandstone,High,4.96,8.54,3
T818,210,193,Clay,Low,3.71,8.39,3
T819,594,177,Mixed,Medium,0.88,1.01,0
T820,627,163,Sandstone,High,0.12,2.66,1
T821,476,195,Shale,Medium,3.81,1.24,3
T822,535,51,Mixed,Low,1.85,2.22,1
T823,858,59,Mixed,High,3.29,5.59,3
T824,387,133,Mixed,High,2.4,5.99,2
T825,512,97,Sandstone,Medium,2.98,5.58,2
T826,963,154,Mixed,High,0.37,8.65,3
T827,468,187,Mixed,High,4.24,3.27,3
T828,571,95,Clay,Low,1.59,6.11,2
T829,347,25,Sandstone,Low,4.16,7.52,3
T830,819,86,Mixed,Medium,4.79,4.66,3
T831,571,133,Sandstone,High,4.3,7.34,3
T832,322,118,Shale,Medium,0.37,5.86,2
T833,568,127,Shale,High,0.21,3.0,1
T834,232,87,Mixed,Low,2.71,1.21,2
T835,284,30,Shale,Medium,1.5,8.01,3
T836,412,59,Mixed,Medium,0.15,8.89,3
T837,517,195,Clay,Low,4.08,7.7,3
T838,937,53,Clay,Low,3.9,5.47,3
T839,356,29,Mixed,High,2.32,3.38,2
T840,168,136,Mixed,High,2.55,9.03,3
T841,898,92,Shale,Low,2.46,9.71,3
T842,677,24,Mixed,High,2.59,2.76,2
T843,327,76,Shale,Low,0.86,9.29,3
T844,657,76,Shale,Medium,3.1,6.79,3
T845,995,39,Shale,Medium,2.25,3.15,2
T846,958,54,Shale,Low,0.37,8.46,3
T847,250,118,Shale,High,0.51,5.31,2
T848,792,115,Clay,Low,2.25,9.88,3
T849,461,132,Mixed,Medium,3.11,1.06,3
T850,901,26,Mixed,High,3.02,2.37,3
T851,530,182,Mixed,Low,1.88,2.03,1
T852,542,95,Clay,High,1.35,4.95,1
T853,671,134,Clay,Low,0.75,4.13,1
T854,509,103,Sandstone,Medium,4.53,8.25,3
T855,707,130,Sandstone,High,4.95,3.32,3
T856,465,95,Sandstone,Low,2.44,6.25,2
T857,446,167,Shale,High,1.26,5.73,2
T858,841,117,Sandstone,Medium,0.78,5.37,2
T859,260,83,Mixed,High,1.29,0.9,1
T860,895,33,Mixed,Low,4.39,5.49,3
T861,439,30,Mixed,Medium,4.12,9.14,3
T862,906,198,Mixed,Low,2.76,1.08,2
T863,551,92,Clay,High,1.13,8.62,3
T864,960,170,Mixed,High,4.14,0.77,3
T865,251,156,Mixed,High,4.34,7.81,3
T866,991,82,Clay,High,3.28,7.44,3
T867,140,35,Shale,High,4.82,9.1,3
T868,915,148,Sandstone,High,4.84,0.78,3
T869,511,182,Sandstone,Medium,4.2,4.77,3
T870,599,32,Shale,Medium,1.63,1.65,1
T871,606,51,Mixed,High,2.55,4.97,2
T872,211,151,Mixed,Medium,3.29,9.31,3
T873,925,150,Shale,Low,1.21,1.42,1
T874,416,160,Clay,High,0.65,5.11,2
T875,482,162,Mixed,Low,4.91,9.23,3
T876,760,176,Shale,Low,3.08,9.48,3
T877,112,143,Mixed,Low,3.14,0.89,3
T878,240,186,Clay,Medium,2.4,5.97,2
T879,360,193,Clay,Low,0.79,5.23,2
T880,110,145,Sandstone,Low,2.94,2.31,2
T881,796,94,Sandstone,Low,4.44,5.22,3
T882,667,137,Sandstone,High,2.34,8.26,3
T883,456,35,Sandstone,Medium,3.05,8.36,3
T884,491,127,Clay,High,1.93,7.51,3
T885,739,110,Sandstone,Low,0.25,0.7,0
T886,159,55,Mixed,High,1.2,1.61,1
T887,541,180,Mixed,Low,3.18,5.97,3
T888,328,93,Clay,High,2.65,6.8,2
T889,691,94,Mixed,Low,1.79,6.25,2
T890,860,193,Sandstone,Low,0.8,1.17,0
T891,817,101,Sandstone,Medium,4.11,8.26,3
T892,901,91,Sandstone,High,3.38,6.02,3
T893,405,113,Mixed,Low,2.23,5.7,2
T894,206,74,Mixed,High,4.66,2.61,3
T895,257,39,Clay,Low,1.97,8.07,3
T896,304,177,Mixed,Medium,0.52,6.84,2
T897,982,117,Mixed,Low,1.39,8.53,3
T898,129,40,Clay,Low,4.38,1.72,3
T899,996,152,Clay,Low,4.6,2.62,3
T900,537,83,Clay,High,1.86,2.63,1
T901,552,157,Mixed,High,1.32,9.9,3
T902,917,108,Shale,Low,1.45,4.93,1
T903,897,52,Shale,Low,0.37,7.21,3
T904,286,31,Sandstone,Medium,4.56,9.16,3
T905,414,53,Clay,Medium,2.09,5.22,2
T906,279,151,Shale,High,2.99,3.66,2
T907,695,52,Shale,Low,1.4,2.51,1
T908,212,163,Sandstone,Medium,4.35,5.81,3
T909,363,165,Sandstone,Low,4.11,2.5,3
T910,596,198,Mixed,Low,3.27,7.95,3
T911,585,118,Shale,Medium,2.2,8.08,3
T912,952,135,Sandstone,Low,4.62,2.28,3
T913,723,153,Shale,High,3.99,5.57,3
T914,505,69,Sandstone,Low,2.59,7.01,3
T915,868,88,Shale,High,4.46,3.52,3
T916,293,163,Shale,High,0.74,2.46,0
T917,993,31,Mixed,Medium,0.9,8.22,3
T918,538,109,Sandstone,Medium,0.67,4.95,1
T919,801,151,Sandstone,Low,0.62,0.58,0
T920,253,143,Clay,High,0.87,7.09,3
T921,678,171,Mixed,High,1.54,9.72,3
T922,104,198,Sandstone,Low,1.65,5.07,2
T923,932,98,Mixed,High,2.4,3.32,2
T924,670,60,Mixed,Medium,0.57,1.55,0
T925,123,126,Shale,Low,0.34,6.73,2
T926,119,116,Clay,High,3.24,4.22,3
T927,437,59,Mixed,Low,1.11,6.26,2
T928,196,130,Sandstone,Low,3.41,2.47,3
T929,794,156,Clay,Low,4.54,3.28,3
T930,384,123,Mixed,Medium,3.18,0.72,3
T931,679,22,Mixed,Medium,4.89,6.0,3
T932,887,170,Sandstone,Low,1.5,3.4,1
T933,332,128,Shale,Low,2.78,7.93,3
T934,810,179,Clay,Medium,0.18,5.65,2
T935,792,137,Sandstone,Medium,3.36,8.93,3
T936,785,135,Shale,High,2.72,8.68,3
T937,140,27,Clay,Medium,2.22,4.9,2
T938,828,29,Mixed,Low,3.99,1.9,3
T939,997,105,Clay,Medium,4.99,5.33,3
T940,564,37,Sandstone,Low,3.72,7.79,3
T941,593,24,Mixed,Medium,1.07,3.59,1
T942,104,72,Sandstone,High,0.95,7.67,3
T943,285,195,Shale,High,2.47,2.36,2
T944,243,169,Mixed,Low,0.9,0.57,0
T945,176,58,Mixed,Medium,2.24,3.97,2
T946,411,90,Clay,Medium,4.05,7.81,3
T947,129,69,Clay,Low,4.47,0.86,3
T948,699,135,Clay,High,4.96,1.38,3
T949,993,40,Mixed,Low,4.43,4.24,3
T950,970,165,Clay,Low,1.82,8.52,3
T951,566,129,Mixed,Low,2.97,2.43,2
T952,910,154,Shale,High,3.08,6.75,3
T953,591,35,Sandstone,High,1.53,2.61,1
T954,443,159,Clay,Low,0.42,4.83,1
T955,313,186,Sandstone,Medium,0.21,2.89,1
T956,580,190,Mixed,Medium,1.12,7.3,3
T957,621,76,Sandstone,High,1.12,7.97,3
T958,992,32,Clay,Medium,4.38,7.28,3
T959,415,39,Shale,High,0.67,6.31,2
T960,780,163,Shale,Medium,4.26,1.67,3
T961,861,197,Mixed,Medium,2.34,6.14,2
T962,661,109,Shale,Medium,4.66,1.15,3
T963,773,29,Mixed,Low,1.43,7.74,3
T964,429,29,Shale,Medium,1.3,4.41,1
T965,257,184,Sandstone,Medium,3.07,2.74,3
T966,260,56,Sandstone,Medium,0.67,1.18,0
T967,583,144,Clay,High,2.45,4.86,2
T968,613,43,Sandstone,High,3.13,1.56,3
T969,215,192,Mixed,Low,2.87,3.2,2
T970,933,187,Sandstone,High,4.73,4.09,3
T971,497,127,Clay,Low,3.66,5.89,3
T972,930,86,Clay,Low,2.02,8.85,3
T973,415,69,Shale,High,4.57,9.85,3
T974,783,31,Sandstone,Medium,4.39,8.39,3
T975,977,46,Clay,Low,0.64,1.28,0
T976,741,91,Shale,High,3.7,7.61,3
T977,488,198,Sandstone,Medium,2.08,5.87,2
T978,233,49,Sandstone,High,3.49,7.27,3
T979,559,96,Sandstone,High,2.78,4.61,2
T980,205,62,Sandstone,High,4.28,0.57,3
T981,678,197,Clay,Medium,0.56,5.48,2
T982,271,39,Mixed,High,0.85,1.62,0
T983,658,117,Shale,Low,0.14,9.97,3
T984,829,64,Mixed,Medium,3.49,0.97,3
T985,651,147,Sandstone,High,4.37,6.27,3
T986,627,131,Mixed,High,2.29,3.82,2
T987,528,59,Mixed,Medium,1.25,6.34,2
T988,295,119,Mixed,Medium,3.9,3.06,3
T989,690,145,Mixed,Medium,0.84,4.56,1
T990,727,195,Sandstone,Low,2.42,8.54,3
T991,957,119,Mixed,Low,2.48,6.75,2
T992,304,136,Clay,High,4.88,3.9,3
T993,236,161,Shale,High,0.79,1.82,0
T994,727,141,Clay,Low,3.86,9.41,3
T995,230,139,Sandstone,Medium,1.06,9.91,3
T996,769,138,Clay,Medium,3.17,2.21,3
T997,915,132,Mixed,Medium,4.23,1.97,3
T998,202,198,Shale,High,0.21,9.15,3
T999,331,93,Clay,Low,3.81,9.04,3
T1000,603,93,Sandstone,High,0.56,6.49,2
